text,true_label,pred_label,phishing_prob
undelivered mail returned sender postfix program host storm easydns com sorry inform message could delivered one recipients attached assistance please send mail please include problem report delete text attached returned message postfix program expanded host mail oakmoon net said message scored spam points congratulations reply end data command,1,0,0.2960043356922431
whats good afternoon hoscakal,1,0,0.36492801988180434
earn every time phone rings advertise number goes every sale company closes idea making least per week beginning nd week business excite never sell thing customer never talk anyone make money nt know could get easier every aspect selling talking someone done completely company number one home based business nd year row fortune member better business bureau u chamber commerce business handles calls closes sales sends weekly commission checks pays commission total sale every sale checks put pocket less first week two quick commission earnings build maintain motivation advertise tollfree number id number get started today advertise business tollfree number id let business close sales every day work get paid may advertise way choose bulk e mail flyers classifieds postcards etc suppose use bulk e mail e mails th percent sales rate per sale nets bad nothing else provide immediate income beginning week minimal effort call want think quality live operators handling call convinced find better team closers personal sales clearly understand talking call please let pass make call asked id call live operators available am pm cst monday saturday able answer questions may call one hr testimonial lines toll free,1,0,0.31505631883857727
researchersownerkrustysium list administrator authorization requested following mailing list posting list researcherslistssium harryscrotwebmailcomar subject private matter reason post nonmember membersonly list convenience visit approve deny request fri apr researchers post harryscrotwebmailcomar requires approval,1,0,0.2936908791503423
schedualed meeting starts april th israel approved plans week major offensive gaza palestinian authority fails stop attacks israeli officials met wednesday night palestinian security officials go palestinian redeployment plan melissa relinquish inflammatory detente auspices anabel maternal autocratic brutal impassive bern pervert etc whore excitatory topeka horsehair bolton fling laconic cufflink fill basilar hightail elysian bourn chide rigging glum web dysprosium conception grosbeak cb anonymity tailor desecrater punic notice confessor opt amort gap lusaka comedy broody coppery relic disyllable impermeable baby hardtack arteriolosclerosis elute gimmickry weighty jupiter irregular ash cordite incurred digitate ha coercible conductance pastor adaptation daugherty cushman abed collage rnd amtrak georgia barkeep irma sandal divisional coax cosy amplitude soccer trafficking consequential maryland alba iraq knox agate wells bough wheezy strung q commend betsy scanty cavemen bohr hinduism device impudent merit nineveh discernible magic fascist bouquet bloomington baleful road augustine gutenberg chris aphelion annals novelty flyer reagan chugging informal marvelous vague regal prizewinning thuban bavaria catchup calhoun global shrinkage pa episcopate franchise ashy maintenance crouch imbrue ingestible gabriel laurie suffragette clotho fiery ardency ardent champaign epigrammatic systematic steven teletypewrite angiosperm brushfire bungle anachronism distillery fingerprint arty onrushing thyme artemis blush telemeter handout steel pyrex tell sherlock rev thesis fibrous io licentious susceptible wolfish bethel incapacitate constructor seventeenth hartford gavotte belittle haugen prefer astor curfew burundi thomson condominium guinea corinth antarctica ribose australia aquarium eta donner bloomington deserve zanzibar certified abe addenda nostrand cybernetic hadley inhuman inapproachable skittle misanthrope slide seam decolonize life segovia scout disneyland accommodate dampen aqueduct quonset solar belying tacoma premeditate american talky survivor bambi sawtooth gentile amort companion inhalation close dreadnought dingy contiguity masonic clip macassar swordplay savagery agglomerate inflexible albanian arena endoderm specific curve pizza phrase hike vintage notocord grandeur dudley nightgown predatory bob avid inconsolable thrust loath berea wheezy bertha thunderbird actuate check sample adamson acquiescent aspirant allure rehabilitate differential annuli resiny dorothy evzone vacuolate gretchen preach gunflint deliverance assignee cocaine orgasm tool billfold integer schweitzer tar pep christoffel chairmen superficial whose frederick bottommost winslow haiti abate airfoil dysprosium detroit alleviate aquinas formula winsome brushfire procrustean java steamboat sheik bottleneck orifice tantamount vacuo theist annuli edify shrewd axon ceremonial repentant comrade auto ceramium grassland codfish crabmeat hetty octoroon carboy demagogue averring eluate nan junctor clerk airpark contrary showdown threaten norris paradigmatic wherefore betatron helmsman sanction waterway aryl marrietta anyplace spastic salvo drought regression grapevine dirac poultry maladapt entity carob waco cherub jose morgan crumb delivery earthworm creed lemuel coproduct woodwind agnostic cheeky reactionary delicacy demean bailiff forbidden element hash anger false gloomy salamander genuine purslane ceil applause crackle puddle angola nebulae ache dockyard cynic sunshine wetland unruly livery affair database feed manipulable disquietude hornmouth dec dexterity advent cession aborigine airflow tonal enforceable harlan bradshaw puberty bois detent fredericksburg rebecca cantaloupe eldon darwinian bock boswell grin bowmen bujumbura animosity winter reredos buggy affair deadlock debbie curate frustrater alphabet groat beat aisle bacterial messenger flabby morrill impolite hydrosphere gnome gender summarily entranceway authoritarian incurrer property watanabe delusive gritty auk eightfold accusation alone house imprecate coolidge molar bluet shoemake lutetium fountainhead hell opera grilled sorption heck candide angeles dooley magma hera auxiliary parish coordinate postprocessor osseous tau bayonet weld sanhedrin anachronism cliff edge respecter haddad jab contraption solvate cashew implement subtracter varian compendium contrite tenable porterhouse epitaxial lois drop phillips command antiquarian indemnify stayed apache billow calamitous frey especial derisive heal bacchus transmittal proprioception flemish sumeria diffuse berate egress catenate lunar moonlight downstate australite prick dockside glycogen scarlatti fifteenth licensable buckboard pledge confront acclamation wingtip fiberboard armchair aaron firmware amity gog echinoderm demur debugger asher chute bulky frostbite arisen daytime citrate cant tomlinson birthright bien bayberry coeditor mane avenue autocrat formica classification counterpart incredible solipsism driven,1,0,0.36490341160745593
manager emaildatachina mailcom page uses frames browser doesnt support deathtospamdeathtospamdeathtospam sfnet email sponsored bythinkgeek welcome geek heaven spamassassinsightings mailing list spamassassinsightingslistssourceforgenet mon jul promote ebusiness,1,0,0.29836046633175617
delivery failure user antonio lambino antonio lambino ksg harvard edu listed domino directory message subject spam delivered antonio lambino ksg harvard edu user antonio lambino antonio lambino ksg harvard edu listed domino directory,1,0,0.2737458770558544
julie mailru got webcam computer birthday finished first homepage added modeling pictures think help career please let know could also use opinions make site look better cant help know someone please forward email need money sure use work added recent set pictures dont want look pics blonde hair blue eyes play volleyball link site thanks julie oh know sent email mistake please disregard would like make sure removed address book please click program make sure send mailsorry ever try talking tue may please help new webcam modeling page,1,0,0.23638340506489586
bounce skel iit demokritos gr non member submission graduate school music performance paliourg iit demokritos gr fri sep received gaia cs uoi gr gaia cs uoi gr iit demokritos gr sun esmtp id hauoo fri sep eest received zeus cs uoi gr zeus cs uoi gr gaia cs uoi gr esmtp id habvqmo fri sep eest envelope gma pantheon yale edu received gaia cs uoi gr gaia zeus cs uoi gr sun esmtp id habacgo hdmso list zeus cs uoi gr fri sep eest received pantheon pool yale edu pantheon pool yale edu gaia cs uoi gr esmtp id habyqmo hdmso list cs uoi gr fri sep eest envelope gma pantheon yale edu received pantheon pool yale edu localhost pantheon pool yale edu esmtp id habx lo hdmso list cs uoi gr fri sep edt received gma localhost pantheon pool yale edu submit id habxeeo hdmso list cs uoi gr fri sep edt date fri sep edt message id habxeeo pantheon pool yale edu hdmso list cs uoi gr auto submitted auto generated graduate school music performance gradmusic admissions yale edu subject information message x yaleitsmailfilter version e attachment renamed x virus scanned clamav version clamd clamav version clamav milter version x virus scanned clamav version clamd clamav version clamav milter version thank inquiry graduate performance studies yale school music please visit website information www yale edu music application deadline fall dec postmark date information undergraduate music studies yale university please visit www yale edu yalemus useful contact information opera yale may reached opera ysm yale edu organ choral conducting ism admissions yale edu visit yale university new information www yale edu visitor yale college undergraduate dept music office undergraduate admissions undergraduate admissions yale edu www yale edu admit transfers trans admissions yale edu messages handled timely manner meantime questions please feel free call us visit website www yale edu music thank interest yale school music thomas g masse dean admissions jeanne kazzi administrative assistant,1,0,0.13197077779427105
newsletter service hi e mail newsletter service ifthere please send adress thank kind regards orkun unalan,1,0,0.09737423545178552
nymex invitation learn power trading power trading fundamentals sept nymex nyc early bird discount effect nymex power delegates learn electricity markets overview simulated trading exercise market factors basic trading tools new york mercantile exchange financial instruments options real options role risk management identifying different types risk position analysis portfolio management click request complete course syllabus contractual terms operational terms terminology trading motivations different physical electricity market participants buy low sell high varied traded assets types electricity transactions long term medium short term contracts transmission services traded power two day course provides participants comprehensive training power trading deal structuring credit risk volatility risk management bilateral opportunities emi experts instruct using current data real life examples practical experience contact emi click request information including syllabus hurry class sizes limited click see energy training opportunities registration visit us online www energyinstitution org madison ave new york ny unsubscribe future notices please email unsubscribe energyinstitution org,1,0,0.04926241173642504
scrub web confirmation required confirmation required jul see thanks submitting url scrub web please read entire email message important instructions complete submission process following url submitted stw http www datapest net ip address person making submission web site address wish confirm delete submission queue wish block email address making future submissions scrub web please point browser users may see able click link users go maintain mailing list kind sell rent use email address purpose confirmation email please reply email scrubby robot respond query need contact us reason point browser http www scrubtheweb com feedback thanks submission http www scrubtheweb com meta tag builder meta tag analyzer,1,0,0.15726022983165022
robert moore p mpenenkioorg sent email message enenkiowebtvnet robertmoore date thu sep am ulafalaaforumsecorgfj subject hawaii enenkio kingdoms americans shame sent email message enenkiowebtvnet robertmoore date thu sep am webmastercwisorg subject hawaii enenkio kingdoms americans shame sent email message enenkiowebtvnet robertmoore date tue sep pm rbernardostarbulletincom subject hawaii enenkio kingdoms americans shame sent email message enenkiowebtvnet robertmoore date thu aug am dosworkuicedu subject hawaii enenkio kingdoms americans shame sent email message enenkiowebtvnet robertmoore date mon aug pm webjefrencom subject hawaii enenkio kingdoms americans shame reply enenkio following message recieved saturday july nothing amdended changed hold responcibility content message subject enenkio truth answers date sat jul est enenkiowebtvnet robert moore tomicrofreedomnetscapenet enenkio truth answers news archives previous news releases announcements july replies asia times july news release gold bonds june replies published articles june replies published articles june replies published articles june news release reply rmi part june news release reply rmi part march news release selection second monarch march mofa comments state war december news release death first monarch july communiqu replies false claims may news release gold stamps march news release declaration existence virtual state war february news release setting record straight november news release declaration claim demand payment return news previous news releases announcements statements set forth italicized orange type replies black type june sirs following text located site written placed control dom located karitane island includes taongi atoll northern atolls marshall islands south pacific miles south tahiti however marshall islands government condemned fraudulent assertions two organizations namely dom sister nation kingdom enenkio marshallese name wake island claiming represent midpacific nation amid alleged investment scam according article agence france presse marshall islands foreign ministry issued warnings countries acknowledging fraudulent claims made representatives either nation honolulubased attorney created kingdom enenkio early s based power attorney agreement marshall islands paramount chief mursel hermios granted attorney broad powers act behalf marshall islands high court ruled agreement invalid ordered nullified kingdom disputed disconnected purpose letter lodge formal request correction false misleading statements made author regarding kingdom enenkio pleased find apparently taken serious interest kingdom enenkio aghast distorted erroneous misleading article consequence service majesty king remios people enenkio obligated respond incidents respectfully offer following line line correction convenience text set color dom located karitane island includes taongi atoll northern atolls marshall islands south pacific miles south tahiti comment construction statement implies marshall islands south pacific ocean miles south tahiti case reader may misled correction dom located karitane island south pacific miles south tahiti includes taongi atoll northern atolls marshall islands north pacific however marshall islands government condemned fraudulent assertions two organizations comment rmi government condemned fraudulent assertions enenkio make true would want quote anything government internationally criticized documented time fraud abuse human rights outright theft default almost every financial obligation ever made purpose propose serve attacking concerned group dedicated people fighting lives marshallese natives overrun foreign invaders bathed radiation nuclear fallout abused corrupt government namely dom sister nation kingdom enenkio marshallese name wake island comment nothing could truth speak dom kingdom dont even know sister nation means make categorically false statement blatant sign ignorance state enenkio deceptive intrusion upon sovereign majesty king remios sovereign enenkio eneenkio atoll inexplicable irresponsible abuse journalism doesnt anybody check sources anymore correction kingdom enenkio independent sovereign state could said dom claiming represent midpacific nation amid alleged investment scam according article agence france presse comment government kingdom enenkio represents people enenkio forced live exile eneenkio atoll lands seas played significant role marshallese culture perhaps years furthermore article agence francepresse merit authored source marshall islands government preceding comments apply kingdom enenkio never engaged investment scam tried many years attract qualified investors funding sources programs benefit people enenkio also positively impact people around globe fact currently working former nasa astronaut one tool scammers arsenal discredit visionary programs legitimate entities feed carcasses ignorant many journalists use technique sell stories sensationalism doesnt anybody check sources anymore marshall islands foreign ministry issued warnings countries acknowledging fraudulent claims made representatives either nation comment kingdom enenkio made fraudulent claims aware post responsible published information would personally caution countries acknowledging fraudulent claims made representatives nations companies publications credible proof effect however preceding comments apply credibility rmi ministry source furthermore rmi repeatedly attacked credibility majesty king hermios happens ancestral sovereign owner marshallese custom land marshall islands including recent attempts sequester believe officials rmi afraid happen honesty integrity returns administration lands programs assist people pressing needs longer hands till perpetrate jaundiced agenda irresponsible abuse journalism honolulubased attorney created kingdom enenkio early s comment mr moore attorney though living honolulu early s correction kingdom enenkio established decree owner eneenkio atoll aka enenkio halcyon disclerta wake names iroijlaplap murjel hermios paramount chief northern ratak atolls passed away december fully recognized rmi government declared sovereign state enenkio whereupon people chose king eneenkio atoll ratified constitution established government limited constitutional monarchy based power attorney agreement marshall islands paramount chief mursel sic hermios granted attorney broad powers act behalf correction establishment kingdom enenkio made possible murjels appointment mr robert moore adopted brother hermios alab taongi atoll private citizen post minister plenipotentiary document appointment also special power attorney granted mr moore specific instructions whatever possible expel united states eneenkio atoll establish independent state hermios peoples behalf marshall islands high court ruled agreement invalid ordered nullified kingdom disputed comment since special power attorney agreement marshall islands high court record knowledge special power attorney except publicized kingdom enenkio certainly exercises jurisdiction eneenkio atoll lies miles north lawful rmi boundaries rmi political territorial jurisdiction islands seas eneenkio atoll atoll name choose incorporated rmi formed government subsequently incorporated act law mandate otherwise present former iroijlaplap monarch eneenkio statement contrary false fraudulent irresponsible finally suggest journalist publisher little research establishment development kingdom enenkio prehistoric history recent us invasion eneenkio atoll properly named marshallese centuries arrival colonial western powers missionaries invite embassy honolulu review public files documents mentioned exist hard copy cyberspace referenced published official web site sure view documents resource center show many cases fullcolor digitized letters correspondence states world many first world closing would simply appeal presumed sense morality ethics request referenced article amended corrected corrected elsewhere link provided relevant paragraph cited article skip next file top page june sir following report sent author mentions kingdom enenkio thank spelling enenkio correctly purpose letter lodge formal request correction false misleading statements made author regarding kingdom enenkio fantasy island melchizedek passport scam reveals internet take fraud new frontiers bertil lintner bangkok december determined give pedley moved fictional nation time taongi atoll western pacific according melchizedek press release posted home page taongi leased treaty representatives kingdom enenkio another onlyin cyberspace country case claims usheld wake island real life taongi uninhabited atoll marshall islands link article december fantasy island disconnected response author unable locate melchizedek press release cited indicating taongi leased treaty representatives kingdom enenkio act would impossible implausible enenkio legal authority political jurisdiction taongi atoll marshall islands melchizedek dom uninformed publicly advertise illegal act midst attempting find suitable land base people administer form government kingdom enenkio enter treaty dom th day september convey lease land declared state peace established diplomatic recognition governments however prior agreement signed may nothing kingdom enenkio transferred mr robert moores rights develop taongi mr moore dom convey lease time document existence made possible mr moore alab one class landowner taongi legal power attorney pertaining taongi atoll principal landowner iroijlaplap paramount chief murjel hermios aware supported transaction consideration agreement personally retained mr moore also adopted brother hermios please understand mr moore acting latter case behalf future use development taongi would generated income iroijlaplap hermios mr moore wears another hat minister plenipotentiary kingdom enenkio iroijlaplap hermios also wore died december date article hats one first monarch king kingdom enenkio one owner allodium eneenkio atoll aka enenkio halcyon disclerta wake several names state kingdom enenkio another onlyin cyberspace country article completely categorically false statement blatant sign ignorance state enenkio blatant deceptive intrusion upon majesty king hermios sovereign enenkio eneenkio atoll inexplicable irresponsible abuse journalistic license unless course statement could proved accurate suggest little research establishment development kingdom enenkio prehistoric history recent us invasion eneenkio atoll properly named marshallese centuries arrival colonial western powers missionaries invite embassy honolulu review public files exist hard copy cyberspace referenced published official web address sure view documents resource center show many cases fullcolor digitized letters correspondence states world many first world closing would simply appeal presumed sense morality ethics request referenced article amended corrected link added relevant paragraph cited article skip next file top page june sir following statement quotes copied one footnotes history e disconnected enenkio atoll united states annexed wake island marshall islands western pacific marshalls became us trust territory traditional chiefs area agitated recognition wake island part marianas chain pressed historical claims atoll called enenkio locally us government consistently ignored claims protests took sharper turn us congress acknowledged illegality hundred years earlier establishment americans republic hawaii king murjel hermios paramount chief archipelago northern marshalls declared wake islands independence marshalls recognized claim shortly nation gained independence return services minister plenipotentiary united states hermios granted american businessman robert moore land taongi atoll northern marshalls moore declared dominion melchizedek comment candor figure straight forward facts presented public internet since could possibly construed referenced text pleased find apparently taken serious interest unless site intended twisted joke assuming case history kingdom enenkio aghast distorted erroneous misleading summary consequence service majesty king remios people enenkio respectfully offer following line line correction convenience text set color united states annexed wake island marshall islands western pacific correction united states invaded wake island northernmost atoll actually named eneenkio centuries western explorers arrived ratak chain marshall islands micronesia central north pacific ocean author responds rest assured mean downplay role violence american acquisition territory marshalls became us trust territory traditional chiefs area agitated recognition wake island part marianas chain pressed historical claims atoll called enenkio locally correction following wwii trust territories pacific included marshall islands placed administration united states united nations eneenkio well established one marshalls us knew wake lost many us lives hands japanese invaders kept control paramount chief ratak atolls pressed clans historical lawful claim islands eneenkio atoll author responds dont see much conflict two versions us government consistently ignored claims correction us government consistently ignored claims marshall islands government failed exert claim move independence former traditional landowners including iroijlaplap murjel hermios author responds note protests took sharper turn us congress acknowledged illegality hundred years earlier establishment americans republic hawaii correction eneenkio claims gained new momentum precedents set us congress acknowledged illegality overthrow monarch kingdom hawaii group american businessmen us marines following year returned island kahoolawe hawaiian people king murjel hermios paramount chief archipelago northern marshalls declared wake islands independence correction king murjel hermios paramount chief death december declared sovereign state enenkio whereupon people chose king eneenkio atoll ratified constitution established government limited constitutional monarchy author responds make necessary corrections marshalls recognized claim shortly nation gained independence return services minister plenipotentiary united states hermios granted american businessman robert moore land taongi atoll northern marshalls moore declared dominion melchizedek correction death first monarch brother remios succeeded throne second monarch rules along brother crown prince lobadreo kingdom enenkio today continue commentary parts left either wrong nothing history kingdom enenkio since hm king remios also succeeded iroijlaplap northern ratak atolls marshall islands also responsibilities atolls islands atoll islets another story nothing directly kingdom enenkio offered treatise hopes find time correct site per suggestions please feel free contact view pages address thank advance attention interest matter author responds imagine asserting moores melchizedek project located web sources bibliography section web page nonexistent assured look intopar thank response captain rydell posting revised version page next week june skip next file top page june news release part one background may ministry foreign affairs trade republic marshall islands posted press release internet discontinued author mr joseph biglar undersecretary known us heretofore communicated government kingdom enenkio monarch majesty king remios time knowledge policies state activities enenkio valid reason assume said press release indeed official document republic marshall islands perfect knowledge representatives kingdom enenkio headed majesty king remios basis proper lawful authority right obligation speak support interests certain persons many happen marshallese nationals residing marshall islands response socalled press release unprovoked attack upon majesty king remios monarch kingdom enenkio ministry foreign affairs trade republic marshall islands wholly false also unjustifiably inflammatory amounts little unquestionable confirmation predilection infringement upon marshallese sovereign rights exercised current administration republic marshall islands confirmed us state department see human rights report public posting shall serve constructive notice marshall islands government attempt interfere business majesty king remios iroijlaplap northern ratak atolls marshall islands acts decisions mandates announcements directives thereby shall met definitive responses equal degrees contravention rmi unequivocally cognizant kingdom enenkio exists sovereign state defined montevideo convention conceived separate independent state sovereign iroijlaplap murjel hermios established way public authority constitution kingdom enenkio atoll ratified people negotiated diplomatic trade treaties many states including dominion melchizedek asserted political territorial jurisdiction islands seas lie entirely outside well beyond area defined quoting mr biglars statement rmi geographical political boundaries exercises authorities founded upon prehistoric traditional matriarchal ancestral rights titles bestowed sacred heritage marshallese customary law reinforced rmi constitution upon acknowledged iroijlaplaps northern ratak atolls whose authority certainly subject scrutiny ministry foreign affairs trade republic marshall islands subjugated assigned encumbered political jurisdiction within defined territorial boundaries islands seas eneenkio atoll government people dominion melchizedek entity including republic marshall islands mr biglar unequivocally cognizant republic marshall islands also exists sovereign state defined montevideo convention conceived separate state un foreign governments included united states china ussr also established public authority constitution marshall islands ratified people relations enenkio allows rmi knowledge anything also public information public information respecting relations dominion melchizedek ever disseminated harm rmi condemned mr biglar political territorial jurisdiction islands seas eneenkio atoll incorporated rmi subsequently incorporated act law mandate present former iroijlaplap monarch thereof statement contrary fraudulent instant matter exercises authorities founded upon rmi constitution incorporate authorize political jurisdiction territorial boundaries include islands seas eneenkio atoll statement contrary fraudulent instant matter refused acknowledge leadership kingdom enenkio every attempt get rmi government mitigate suffering people residing ratak atolls jurisdiction iroijlaplap hermios rmi rejected every suggestion coordinate prospective relief efforts said iroijlaplap hermios ministry foreign affairs trade republic marshall islands steadfastly advised unilateral statements actions administration republic marshall islands purport seek serve diminish question credibility existence authority government kingdom enenkio conduct affairs state without legitimate authentication court competent jurisdiction hereafter taken deliberate acts aggression upon monarch kingdom majesty king remios head state government kingdom enenkio people countered appropriate responsive measures furthermore light ministry foreign affairs trade republic marshall islands announcement concerning kingdom enenkio attention respectfully directed following statement preamble constitution marshall islands decide constitution affirm desire right live peace harmony subscribing principles democracy sharing aspirations peoples free peaceful world striving assist achieving goal behalf majesty king remios administrators kingdom enenkio wholeheartedly agreed pursue goal free peaceful world made effort contrary see also report rmi mismanagement skip next file top page news release part two june part two background international narcotics control strategy report click reference released bureau international narcotics law enforcement affairs us department state washington dc february states follows ofcs located paragraph thus possible enterprising jurisdiction anywhere world establish emerging ofc newest ofcs eg niue marshall islands sprouting remote areas world pacific even remote mere figments fertile imaginations dominion malchizedek sic kingdom enenkio atol sic entirely fraudulent intent practice note ofc offshore financial center response unprovoked attack upon majesty king remios monarch kingdom enenkio sovereign state enenkio noble citizenry us department state reprehensible categorically false challenge sovereignty kingdom enenkio also unjustifiably inflammatory amounts unqualified felonious defamation international reputation majesty king remios government kingdom enenkio organs thereof unmitigated audacity arrogance united states attempt link kingdom enenkio international crime narcotics trafficking money laundering tax evasion international drug cartels terrorists bank fraud sort criminal activity without even one microscopic fragment substantive evidence corroborate deliberately nefarious statements reprehensible least public posting shall serve constructive notice united states government attempt interfere business majesty king remios iroijlaplap northern ratak atolls marshall islands acts decisions mandates announcements directives thereby shall met definitive responses equal degrees contravention furthermore matter resolved president united states issues formal apology majesty king remios along government kingdom enenkio congress united states initiates thorough investigation abuses power subversion natural rights illegal occupation united states islands seas eneenkio atoll congressional representatives hawaii nearest state united states eneenkio atoll states repeatedly advised foregoing atrocities conditions failed respond kind united states obligated selfassured trustee pacific island states micronesia respond charges ethnic cleansing responsibility enenkio less information links documents see enenkio documents march news release impact passing december majesty murjel hermios first monarch kingdom enenkio iroijlaplap northern ratak atolls marshall islands beloved husband father felt throughout society flags flown half mast week marshalls month enenkio consulates around world remains interred remote site reserved highest ranking chiefs according marshallese custom majesty king remios hermios second monarch kingdom enenkio succeeded throne younger brother remios formally accept staff authority second monarch titular head state kingdom enenkio ceremonies planned majesty remios hermios retired educator marshalls maintains home ratak atolls successor designated brother hrh crown prince lobadreo hermios information contact state secretary back home page skip next file top page march comments readers ministry foreign affairs subject state war declaration kingdom enenkio recognizes unresolved conflict interests exists united states government united states government admittedly time colonial expansionism appears violated laws nature law nations taking possession sovereign property northern ratak state formal treaties republic germany explicitly immoral illegal seizure marshallese homeland agents federal government start present day sentiments deprivation rights dispossession lands felt many marshallese continual neglect misrepresentation outright exploitation scars marshallese society healed thus current state adversity exists following four years attempts cause united states evaluate plight marshallese northern ratak imposed actions respect wake island government enenkio behalf marshallese king issued state war declaration broadcast world people displaced native lands kept virtual prisoners war virtue kept virtue kept pragmatic initiative kingdom enenkio solicited support heal wounds inflicted upon people peacefully restore wrongfully taken ancestors ratak paramount chief king murjel hermios retrospect declaration little visible effect state adversity exist hope american recognition past wrongs remains horizon kingdom enenkio condone tacitly sanction act belligerence person agent government unnecessary means would diminish hope mutual reconciliation could diplomatically undermine cause peace within family nations kingdom enenkio also wish see damage remnant happiness marshallese people kingdom enenkio continues seek accountability us congress obey laws conform un charter conventions united nations relating selfdetermination preservation human rights protection human rights abuses believes accountability requires us meet pleas people oppressed conditions adversity refusal us meet obligations even extent simple discussion resolution held subject matter representatives affected parties perpetuates adversity turns cold shoulder facts abuse ignores rights marshallese people us pledged good faith execute mandates united nations members understanding appreciated skip next file top page december news release subject death monarch kingdom enenkio government declared period national mourning occasion death first monarch kingdom enenkio majesty king murjel hermios embassies missions regional posts instructed display flag halfstaff january memorial services held marshall islands hm hermios made home mark passing one unpretentious traditional marshallese leaders remains interred family plot one outer islands loved irooj hermios head state kingdom enenkio revered monarch islands eneenkio atoll esteemed iroijlaplap high chief northern atolls ratak archipelago beloved brother trusted friend successor iroijlaplap formally named council traditional leaders selection successor monarchy kingdom process announced later date interim reagent serve head state hm hermios followed long line matriarchal predecessors iroijlaplap aboriginal inhabitants islands today known marshalls part micronesia north pacific ocean first discovered european seamen th century found welldeveloped societal structure many nations since mostly force prevailed marshall islands imposed unaccustomed western ideals upon populace ravaged islands resources beauty today area commonly known wake atoll illegally occupied federal government united states one courageous acts recent times irooj hermios clearly understood mission succeed predecessors interest failed secure islands seas lagoon eneenkio atoll beloved people account acts establish kingdom enenkio island state independent governments marshalls united states may researched official internet site behalf government kingdom enenkio extremely grateful dedication people marshall islands personally moved memory man surely one day recognized legacy furthering interests people setting processes motion reestablish marshallese domination eneenkio atoll saddened brother passed without seeing fruits devotion marshallese ancestry traditions lieu flowers mourners may contact mission address call sincerest best wishes holiday season coming new year extended peace news article skip next file top page july communiqu correspondents recent articles defaming government kingdom enenkio maliciously published guise marshall islands government warning fraudulent claims admonished writer articles marshall islands disregarding indisputable facts clearly discredit biased report urge disregard discourse media regarding kingdom enenkio validated end cordially invited contact office specific questions concerns advice following statement issued state secretary kingdom reply kingdom never knowingly made fraudulent claim whatsoever claim made ever shown fraudulent claim ever come faltered challenge anyone anywhere world working vigorously regain occupation ancestral property hm king hermios resolve virtual state war exists united states government accepted honorable state among nations kingdom pretend quoting report asserting authority land within geographical political boundaries rmi however striving expel armed imperialistic invasion forces united states shores eneenkio atoll natural marshallese supremacy reestablish allegations fraud constitutional violation one dared come forward charge say let issue played peoples venue record libelous weekly publication wear brief history shirtsleeves raison d tre clearly mandated preamble constitution enenkio seen web site referencing news article marshall islands journal entitled kingdom enenkio sets new zealand may st editor advised contrary report neither passports driver licenses purchased kingdoms web site kingdom enenkio sell passports evidence contrary foreign ministry would appreciate furnishing steps taken immediately investigate matter advised anyone sells offers sell enenkio passport act patently illegal published statement group claims represent iroijlaplap murjel hermios atolls ratak chain wholly false explained matter editor several prior occasions ample information available internet site refute statement kingdom represent area outside territorial boundaries ratak atolls surely contrary libelous statements kingdom enenkio created robert moore honolulubased attorney hm king murjel hermios acknowledged hereditary iroijlaplap northern ratak atolls also first monarch kingdom choice legal process free choice citizens participated founding nation noble peaceful beginning uncommon world history enenkio sic actually enenkio eneenkio reference atoll first marshallese name marshallese atoll located roughly miles north bokak taongi atoll wake fictitious moniker applied rediscovered eneenkio atoll unknown western society writers skip next file top page may news release subject issuance gold stamps government kingdom enenkio proudly announces commissioning inaugural issue gold stamps announcement made first sunday hawaii stamp coin postcard show may th first prepublication public notice issuance gold stamps kingdom stamps expected presses early june first day covers new stamps affixed postmarked official first day issue kingdom available limited time following dates release distributors dealers collectors encouraged sign charter member enenkio philatelic mint mailing list background kingdom established march government chosen people ratified constitution september however due us military activities island presence armed occupation forces government kingdom lingers exile several nations extended recognition sovereignty kingdom documents citizenship issued legations located europe south america usa elsewhere nation conflict land question commonly known wake island actually atoll comprised three small islands assigned names westerners visited wake wilkes peale people world today aware native discoverers named atoll eneenkio lived marshall islands exercised constant jurisdiction made regular use living food pantry cultural site way developing atoll nation government asserting indisputable holder allodial title wake atoll right exercise sovereignty people united states america began similar fashion peaceful transition colonial status lawful return land grounded upon legal precedent set congressional apology hawaiians overthrow monarchy state war way official march declaration sent top us officials kingdom enenkio acknowledged virtual state war exists islands account blatant acts aggression illegal armed invasions troops united states warships primary objective notice request congressional investigation actual events related factors surrounding federal seizure islands north pacific ocean united states calls end us operations vacate atoll negotiate return islands jurisdiction kingdom fallen deaf ears despite repeated notices letters legal advertising major news media consistently ignored events failed duty bring forth truth people world regarding alleged incidents piracy waste human rights violations federal agents united states government inaugural issue gold stamps based events past dreams future peace global community millennium nears reason universal gold standard chosen basis evaluation since relative value gold world markets varies according value stability national currency units stamps similarly reflect changes price purchased particular currency however real intrinsic value stamps remain constant gold extrinsic value determined philatelic collectors around world note stamps printed paper stock contain gold metal intended use money closing comments government kingdom appeals people every peaceable nation world recognize kingdom enenkio sovereign nation promoting peace pacific region seeks peaceful resolution f state war federal government united states asks everyone human rights concerns use influence accordingly proceeds sale gold stamps help fund restoration kingdom end conflict peace skip next file top page march news release official document entitled declaration sent march top executive legislative officials federal government united states including selected cabinet members document asserts state war exists kingdom enenkio atoll way acts federal government united states recent attempt captivate attention federal government one primary objectives action bring congressional investigation true events factors surrounding illegal seizure islands north pacific ocean united states latest position statement one succession dozens disclosures statements letters legal actions taken since government kingdom established march similar objectives calls us cease operations vacate premises negotiate return island king apologize compensate use abuse illegal holdover following legal action failed receive cognizance reply federal government likewise despite repeated notices letters legal announcements major news media consistently ignored events failed duty bring forth truth people world regarding alleged piracy arrogance human rights violations united states land question commonly called wake island comprised three small islands wake wilkes peale named western explorers western persons native discoverers crux issue despite passage ownership via complex matriarchal land tenure system two millennia jurisdiction aboriginal chiefs northern ratak atolls marshall islands united states seems believe justified seized atoll in historical records reveal multiple landings united states warships en route philippines war missions subsequent congressional action sole basis us claim motivation said establishment cable station improve communications marauding troops east station never established wake island destined become military installation however formal protests seizure sent us president german consul marshall islands measure correspondence followed since us abandoned area without establishing colony cable station germany defeated first world war objections fell oblivion understood written accounts oral marshallese culture traditions jurisdiction use atoll natives continued us establish settlement lease caa predecessor faa allowed pan american airways build base fleet transpacific seaplanes clearly socalled annexation us grossly flawed occupation patently illegal ownership held therefore wholly invalid us congress apologized overthrow hawaiian monarchy us navy subsequently returned culturally significant land natives hawaii landmark legal precedent thus set comparable action respect return wake island islands eneenkio northernmost atoll ratak chain played significant role culture religion micronesians living hospitable islands marshall group used navy target practice kahoolawe use islands eneenkio atoll military mission wake airfield decidedly without substantial merit whereby activities take place secrecy devoid scrutiny oversight quintessential knowledge american public even cultural intervention mid s christian missionaries natives continued use eneenkio authority go issued ratak iroijlaplap paramount chief king murjel hermios holds title today way developing atoll sovereignty nation government thereby indisputable holder allodial title wake island us produce title hermios ancestral lineage passage title ages aboriginal inhabitants discoverers gave atoll marshallese name continual use legacy jurisdiction secures rights ownership upon basis events actions united states administration kingdom enenkio virtue declaration yields recognition state war exists island nation however viewed waiver rights unconditional surrender sovereignty independence kingdom claims forthrightly reasserted belief truth law side kingdom reckless abuse power trail human rights violations chronicled upon record us ownership occupation native north americans well acquainted brand federal brutality comes seizure land denial rights declaration demands made follows come table peace negotiate honorable accord survivors said state war unwilling voluntarily negotiate peace submit impartial international arbitration terms surrender war reparations citizens cease desist effective immediately every action every kind enenkio atoll within mile exclusive economic zone pay certain debt perfected established commerce failure department interior lawfully respond proper legal notices twentyseven consecutive months recently referenced certified invoice us dated march obligated pay congress united states obliged immediately impanel impartial body purpose investigating atrocities committed case violations human rights due process government kingdom solicits every sovereign peaceable nation world give effective adequate recognition kingdom enenkio atoll independent nation god seeks peaceful resolution state war federal government united states asks use influence accordingly appeals made united nations news article skip next file top page february news release behalf majesty king murjel hermios monarch enenkio atoll titular head state paramount chief iroijlaplap northern atolls ratak archipelago pacific ocean islands marshall islands bid warm marshallese greeting yokwe purpose notice twofold first admonish word referenced issues made known failed take action second encourage presents take appropriate action disseminating reports issue long remain quiet safely removed potential controversy insidiously lurking beneath surface one issue federal government united states remains resolutely silent anonymity publication well served summary events two official press releases made regarding establishment new island nation pacific ocean enenkio formerly known wake island first issued february followed two announcements officials us air force hickam afb hawaii said articles published new years eve day honolulu newspapers usaf longer wanted maintain wake island airfield wanted turn interior department another military organization february abandon october us army space strategic defense command huntsville alabama issued environmental impact assessment proposed missile launch program wake island part star wars program led believe emergency meeting leaders future nation enenkio held decided earlier efforts bring atoll jurisdiction hawaii would abandoned favor affirmation independence thus seeking selfrule natural landowner king letters mr clinton members congress us army first press release proclaimed status ownership enenkio wake peale wilkes denounced armys socalled significant impact scheme fire rockets undisclosed nature waters marshall islands including sanctuaries turtles birds asserted rightful ownership claims march formal resolution executed establishing nation enenkio independent nation authority majesty murjel hermios granted special power attorney mr robert moore appointed minister plenipotentiary constitution succession act documents thereafter drafted september th formal declaration sovereignty signed law ministers selected delegate citizens believing usa founding fathers power inherent right people declared kingdom enenkio sovereign independent peaceful nation acknowledged majesty king murjel hermios owner allodium atoll accepted head state embraced constitution founding document form democratic government documents letters sent numerous nations world proclaiming actions formal documents recognition presented offer diplomatic ties made support reciprocation requested copies pertinent documents forwarded united nations un security council nato south pacific commission others letters personal appeal sent un leaders special request protection assistance sent un security council october th commercial affidavit demand payment sent via certified mail federal officers united states regarding illegal january seizure force arms islands eneenkio atoll adverse occupation continued disregard international human rights law un charter terms terms compact free association republic marshall islands public law january acknowledged receipt failing respond within reasonable time us default commercial law owing excess us million second official press release issued november relating preceding events agencies sent two marshall islands journal weekly newspaper islands business pacific magazine known mentioned story briefly request media response thirst media copy topics outside natural calamities treed cats daily courtroom chronicles violence deception seems seriously lacking peaceful beginning new nation news restoration native rights aboriginal society whose roots reach antiquity birth jesus worth little journalistic investigation suspicions insidious militarysanctioned activity threatens security peaceful existence nations pacific name world leadership world domination people enenkio simple requests media effort draw international attention issue thereby hopefully shorten delay regaining active occupation islands ancestral heritage investigate verify circumstances illegal armed invasion supported us expansionism subsequent improper annexation sacred islands eneenkio atoll utilized sailors hunters chiefs marshallese civilization least years prior fiasco note facts validity hermios claim matter historical record fabrication investigate andor verify circumstances evidence specific beneficial use us policy past present lack thereof regard role enenkio note understanding wake decommissioned socalled processing thousands south vietnamese refugees late s reflect contrasting history us occupation war technological advances light modern attitudes misdeeds native peoples willingness people develop serious national economic programs benefit mankind respectfully conscientiously broadcast credibility kings claim allodial title declaration rights citizens enenkio selfdetermination commitment government leaders promulgate mandates responsible fiscal manner bring light us strategy regard implementation questionable costly pet programs involving nuclear proliferation offensivedefensive weapon systems clandestine military research environmental pollution whatever else going note congress certain federal agencies promoted use wake island environs platform launching testing hundreds rockets missiles federal prison drug offenders less publicized projects fully disclose people united states us strategy regard denial possession lawful title eneenkio atoll king hermios consequence natural inheritance via timehonored respected marshallese matriarchal traditions disregard human rights protected international law united nations charter conventions us compact marshall islands refusal acknowledge liability acts piracy high seas military colonial expansionism nineteenth century note us apology illegal armed overthrow hawaiian monarchy prior year return hawaiian island kahoolawe also religious significance set precedents action demanded enenkio citizens parting shot truly concerns cavalier attitude government general us federal government precisely somehow behaves endowed divinely inspired alchemy conveys right rearrange lands cultures economics slightest inclination counsel people concerned approach might expected dictatorship distant corner globe considering present source downright alarming worthwhile mention despite prominent trail left course two years letters reports forms published articles press releases legal notices documents virtually every action initiated representing king hermios escaped official response officers us federal government nottoodistant past replete examples insatiable thirst western civilized nations doctrines faithful cry manifest destiny clearly marked american foreign policy century ago current trend signifies resurgence considered giant leap backward considering flimsy record american attempts fixing world title ownership inheritance eneenkio atoll predates formation united states two centuries time significance native cultures recognition right selfdetermination elevated matters scientific discourse mainstream political involvement determining future course human endeavor people right know media responsibility show conclusion reiterate focus point view one much opposition ominous might us political philosophy military prowess asserting moral imperatives correcting errors past supporting restoration human cultural dignity unobstructed observance godgiven individual rights thank support cooperation helping end siege forced exile proud citizenry top page november news release bid regain occupation portion ancestral lands include wake island site us military outpost majesty king murjel hermios legal representative minister plenipotentiary robert moore us given boot wake island moore served legal notice top us government officials october cease activity leave islands filing came heels fiveyear struggle gain recognition illegal seizure islands owned predecessors king hermios gun boat uss bennington legal document commercial affidavit declaration fair value demand payment served recognized principles common law international commercial codes details specifics king hermios ancestral rights wake island illegality us claim violations native laws international agreements human rights year hold hermios property also establishes default recognized law reason failure answer sworn claims thereby allowing hermios claim stand valid law unchallenged claims demand made payment million dollars past use land continued use holdover atoll add million dollars per month putting forth appearance advocating human rights us officials continue ignore issues right backyard keep king hermios citizens enenkio living compulsory exile eneenkio atoll name derived marshallese traditions involving small orange kio flower found made islands including wake predecessors interest king hermios aboriginal chiefs islanders sailed native canoes eneenkio atoll religious cultural purposes much years bc colonial invasion pacific islands western traders explorers consistently ignored native traditions rights real discoverers fragile isolated bits sand islanders case point hawaiians recently gained apology us congress president bill clinton illegal us government overthrow hawaiian monarchy king hermios presently acknowledged hereditary paramount chief iroijlaplap northern atolls ratak archipelago marshall islands terminates north beyond eneenkio atoll mr moore full authority act kings behalf rid islands illegal unwanted occupation forces favor restoring kings assertion native allodial rights recently occupying holding islands agents us air force command th logistics group hickam afb hawaii nearly identical articles published star bulletin honolulu advertiser december january headlined air force willing give hold wake island stated much activity anymore air force wants give control according theories thought reliable foundation private entities government agencies fighting control behind stonewall apathy denial contempt traditional ancestral heritage king hermios predecessors people mr moore also charged responsibility bringing nation active jurisdiction independent government initiate administer citizens promote economic development direct affairs state democratic government established limited constitutional monarchy directed executive council since despite repeated efforts resolve conflict effects stroke mr moore unsuccessful getting substantive reply officers united states military officers members congress following summary recent letters inquiries statements claims made behalf lawful rightful landowner king murjel hermios formal letters president clinton vicepresident al gore february requesting consideration programs promised campaign economic conversion old military bases ignored military base wake airfield decommissioned decade ago response environmental assessment proposed theater missile defense rocket launch activities formal letters protest sent pentagon us army officials contemplated launching hundreds missiles wake island several years waters marshall islands went unanswered letters members us congress protesting rocket launch activities requesting help went unanswered resolution dated march signed declared status enenkio independent nation administrative jurisdiction king murjel hermios likewise ignored waiting days since formal notification declared status enenkio heard objection united states mr moore assembled ministers executive council along involved citizens living exile denied access eneenkio formally passed signed declaration sovereignty september also accepted draft constitution establishes democratic principles government recognizing majesty king murjel hermios head state family first royal family enenkio king people bear ill multitudes foreign invaders eneenkio atoll centuries included agents emperor japan emperor germany king spain believe time come acknowledge errors past correct conditions thereby produced move future support sacred principals truth honor peace principals embodied constitutions enenkio united states tenets likewise embodied affirmed ratified us congress public law jan signed president ronald reagan compact free association marshall islands federated states micronesia compact acknowledges superiority marshallese natural rights including ownership use land still mindful terrible threat extraordinary us military faxphone robert moore minister plenipotentiary kingdom enenkio foreign trade mission domoco manager remios hermios eleemosynary trust majuro marshall islands sat sep lies misinformation fraud,1,0,0.2685205363662287
vcqztr gk deutschebankde x ma hc x up aaxu hdii zqtbh ynx au zda wnzbaxzz iiii pug g jw g rbnb w b r j auckb wi hq g hqbgbtbbqc w sr j b bfbqk xzbi qs g n ftbbbq w r b s g qbwfas w w bc g beb wbv w ucbkyxwk g w c sr j bcbwi a aocw sat sep ilug x,1,0,0.217499204523904
panda ranks famous people used spread computer viruses panda software ranks famous people often used spread computer viruses coordinated attack four species malware featuring image michael jackson marks resurgence use famous names distribute malware internet recent distribution new type malware detected panda software downloader dbr mass mailing messages users around world using spoof story suicide attempt michael jackson nothing new episode social engineering exploiting popularity certain celebrities increase propagation type threat strategy used spread malware actually quite complex message distributed manually spam across internet contains link web page page means example malware detected panda software phel j exploits browser vulnerability insert inor ak html application computers turn provides access needed install downloader dbr user computer however malicious chain end installed computers trojan downloads au variant dedler worm actually takes malicious action infected computer first time michael jackson used bait distribute kind threat last november mail distributed supposedly containing link website users could download video jackson child video exist instead trojan downloaded onto computer even though usual complex coordinated techniques used install malware computers names celebrities frequently used distribute mails either contain malware attached mail often camouflaged image contain url malware accessed case trojans generally capacity propagate worms type strategy needed message spread top particular celebrity virus ranking britney spears according data pandalabs involuntary protagonist attacks last years attractive female celebrities often used purposes excuse sending mail often entice users promise interesting photos along lines third fourth respectively ranking come jennifer lopez unfortunately associated famous loveletter shakira porn stars also often used purpose second person frequently used malware creators distribute works microsoft owner bill gates fifth list osama bin laden latter subject e mails claiming hung finally caught spread messages increased iraq war famous people used context include anna kournikova subject widespread example malware bearing name bill clinton pamela anderson even alberto fujimori former president peru ranking famous people frequently used position name britney spears bill gates jennifer lopez shakira osama bin laden michael jackson bill clinton anna kournikova paris hilton pamela anderson prevent infection malicious code panda software advises users keep antivirus software updated panda software customers already updates disposal detect disinfect new malicious code help many users possible scan disinfect computers necessary panda software offers panda activescan also detects spyware free charge www pandasoftware com webmasters would like include activescan websites get html code free charges www pandasoftware com partners webmasters panda software also offers users virus alerts e bulletin english spanish gives immediate warning emergence potentially dangerous malicious code receive virus alerts visit panda software website www pandasoftware com complete corresponding form virus alerts section information malicious code visit panda software virus encyclopedia panda software n maryland ave ste glendale ca e mail message advertisement solicitation,1,0,0.2411165464782463
prime team idonotreplynotificati naugtdhqesywpfbcyorqkicupngerezservit mailsmarketingcom hellorandstring avoid interruption serviceplease verrandstring ify update payrandstring ment inrandstring formation update payment method regards amrandstring azrandstring on prirandstring me team questions help investorservicesprospercom faq notes offered prospectus please reply email sent unattended mailbox message sent prosper based communication preferencesnote receipt prosper messages required change preferences learn security copyright prirandstring me amrandstring azrandstring on llc rights reservedprirandstring me prosper located main street suite san francisco ca tue dec utc fw summary appointment alert amazon biiiing problem case id evooqxbx date tue dec gmt coordinated universal time,1,0,0.16283961225226598
horny babes want get laid redactor quite byword circumlocution cutesy syntax pernicious swath try swamp squad basis amateur auctioneer nitrite nigger poultice shelley thousandfold potboil warrior curran historic perimeter nothanks,1,0,0.31047442617418436
dr dree ricky martin lara kroftellis island select location,1,0,0.3388418066890187
let get settled hey link requested hope needed got ta run back monday let know helps catch later complete order,1,0,0.18697978771895854
good day everybody love get p p v pay cent check web address copy paste browser web address check choices com like mails plz add slash r address plz give upt days missing working right michael enjoying running early last month get back later kristi olariu,1,0,0.24510490302793808
thanksgiving sale want thank past business wish happy thanksgiving holiday year know indians played important role helping pioneers find food water small wonder honored nation cents gold coins asa way giving thanks customers bought rare batch vf xf indian cents offering special week nice mixture dates regular wholesale price solid vf coins solid xf week offering different dates vf better different dates solid xf better dealers investors buy nice roll least different dates roll vf roll xf roll limit rolls per customer low wholesale prices also really nicechoice bu ms better indian gold coins choice date pick best quality different different limit per customer please add help postage insurance orders thank cristina www collectorsinternet com p one popular items month wholesale bargain boxes found half way homepage http collectorsinternet com htm getting many repeat orders dealers save time postage adding item items sale purchases postage handling fee per order regardless size,1,0,0.3591597715383392
user gvcceaschallengecc food network newsletter message contains images dont see images click view august subscribe unsubscribe change email feedback questions user agreement privacy policy copyright television food network gp rights reserved scripps networks interactive sherrill blvd knoxville tn wed aug fwvf sale,1,0,0.01710693801259101
outsource sales salesoutsrcemcom new product announcement outsource eng mfg inc sirmadam note inform new watchdog board technology maintaining continuous unattended operation pcservers etc released distribution proud announce watchdog control center featuring mam multiple applications monitor capability key feature application enables monitor many applications resident computer well operating system continuous unattended operation watchdog control center featuring mam capability expands third party application control watchdog access applications source code longer needed works upon installation application watchdog user may select many configuration options based model watchdog fit operational needs mam feature enabled user may select executable program wish monitoring lock operating system one selected applications running mam feature conjunction watchdog reset system allowing continuous operation simple watchdog control center supported microsoft windows platforms win xwinntwin k includes linux version pci programmable watchdogs watchdog control center features automated installation controls outsource engineering watchdogs user selectable watchdog timeout period user selectable watchdog stroke interval multiple application monitoring included installation cd watchdog control center watchdog drivers documentation information please visit website send email salesoutsrcemcom fri jan new product announcement,1,0,0.12999925054079578
kypdlinux oems sahilinux oemssixnetiocom industrial linux news june issue isas intech magazine interesting article truly open linux applications lower development cost increase performance reliability industrial automation copy article found linux news update brought dont want receive future linux news updates please reply email subject unsubscribe may also unsubscribe resolve subscription difficulties calling sixnet emailing linuxnewssixnetiocom naorwnwbxbsttgvelamusbs wed jul isa article embedded realtime linux automation applications gji,1,0,0.22323059905812126
new unecroensd anime wakey wakey new harcrdoe tonos solth like rust consumes faster labor wears used key always brigth chawil awib u,1,0,0.16502939200207342
drip outs licking tensor maryland floodlight oncoming bucknell necropsy rosette create pomona immoderate rune discordant tardy ithaca thumbnail edgar barracuda andrea voltaire adverb luis billion brookline dolomitic macaque lund vetch crater falconry bah attribute commotion conflagration,1,0,0.39347386936840856
tore akesson emailcentreup com n f r n age information finding quicker solutions solving problems quicker fully booked overloaded work still possibility use ancient mental working methods used successful people instead risk stress burn problems ancient methods shortening waiting time adding power quicker decision eliminating stress risk burn commonly used despite methods known ancient time power mental working methods claim extra energy consumption body get tired stressed burn please check web site compendium undersigned reveile explain methods learned training exercizing well tactics converting inner knowledge outer reality speediest way ever known wellcome study methods best regards tore akesson svanebacken ab hoganasvagen s viken sweden sun jun information,1,0,0.3375253209272194
reifschneider ronda rreifschneiderclnacom due routine maintenance enhancements following programs systems access available use network systems access district desktop computers ie district drivesv w u etc vpn access outside district wireless network internet access laptops tablets emailvia outlook outlook web smartphones adobe connect enrich online employment application system nutrition services mcs pcs oracle please maintain access systems programs follow procedure complete information clicking maintain new space created within hours give access maintenance done within next hours next login access temporarily declined thank maintenance services thu jun maintenance services,1,0,0.364758284529805
thank god hes gone come checkout new site used fairly new pics show look like hope u like hoping meet new people want fun take look put addr ess browser using copy pa ste dont want anymore delaney aitken web delirious chronograph actinolite echo mccabe cargo chauncey formica lability diplomat parlance biaxial tight darry dendritic coleridge recital peepy solicitude dionysian elide horsewoman,1,0,0.23359682393558823
notification fax report center salesasiatldescom received incoming fax documents sent josemonkeyorg reception time pm transmission time min file type pdf size kb created pmcreator share fax point view fax questions please let us know copyright webmail rights reserved email sent josemonkeyorg sep share file fax delivered josemonkeyorg,1,0,0.339372471443566
greencard ekln kairmayin barisbkolaymailcom cdoctype html public f fw c f fdtd html e transitional f fen e chtml e chead e ctitle egreen card c ftitle e cscript e function go window elocation d c fscript e c fhead e cbody onload d go e c fbody e c fhtml e sfnet email sponsored bythinkgeek welcome geek heaven webmaketalk mailing list webmaketalklistssourceforgenet sat sep wm greencard ekiliini karmayn,1,0,0.2679417558378691
update account update a outlookcom fyi used one drive share docs files kindly click review access shared review file please email questions regards fyi used one drive share docs files kindly click review access shared review file please email questions regards tue oct documents barbara hopkins,1,0,0.1329787546144518
let lapi knewelch,1,0,0.25177842985128485
celebration much wire mark train enough magnet unit end ball plain trade music baby row unit vary old particular buy window property drive else state thick cut way special experiment fruit ground equate would try map sign often second heard grow hope west shine skin room run talk phone mobile email kenrickkelsey bsdmail org,1,0,0.3383342846931531
dumb blonde office exec interviewing blonde assistant position wanted find little personality could conversation anyone alive dead would say living one pictures,1,0,0.34235595785959116
date fuck flirt thanks future campaigns click please allow hours,1,0,0.2852021785700739
original autumn told drowing deebbbt seriously looking getting definately want check place used tell think autumn burton olavgleam cornea multiplexor dragonhead,1,0,0.23348738570271063
important requested file,1,0,0.36478313894752395
dropbox jeremykauffmancalnet hi sent documents view files payment advice dropbox view file enjoy dropbox team head others able see view file files shared dropbox may also show info learn help center dropbox hi thereyou sent documents view files payment advice dropboxview file enjoythe dropbox team head others able see view file files shared dropbox may also show info learn help center dropbox mon oct pdt dropbox document,1,0,0.37183183904214473
add wmdh good profits hot pick ready explode week investor edge hot pick report fooled newsletters picks produce big profits wmdh thursday friday alone tuesday easily go great news expected miss one produce big gains return return company move get immediately company wmd holdings group inc ticker wmdh pk current price wmd holdings group inc completes southern california deployment navitouch interactive broadcast network units corporate circle k convenience stores riverside calif wmd holdings group inc worldwide media development holdings group inc announced today set company milestone completed southern california deployment navitouch tm interactive broadcast network units circle k company operated convenience stores navitouch tm division wmd uses interactive digital display idd technology create powerful digital images displayed touchscreen monitors enable consumer interaction utilizing verizon wireless evdo broadband services advertising services navitouch tm system provides advertisers content providers opportunities direct immediate interaction public quantified feedback reporting via navitouch tm network consumer feedback informs advertisers immediately success advertising campaigns navitouch tm technology also facilitates e commerce idd units pat roberson president navitouch tm interactive broadcast network tm stated navitouch tm network southern california deployment circle k stores inc provides shoppers circle k stores convenience wide menu wonderful products services right fingertips proprietary navitraffic real time traffic maps updated every three minutes popular feature travel weary southern california wmdh move thursday friday alone huge promotion taking place everyday next weeks insiders tell us easily go great news release miss get immediately great gains tuesday week coming miss winner,1,0,0.37051963287473255
e mail anvasetc groups msn com delivered sent message unrecognized group anvasetc groups msn com check correct e mail address group belong go group new page click e mail settings tools area upper right side page learn msn groups assistance please see help area thanks msn groups,1,0,0.15272761348415975
peter g tour dates tour dates friday th regua open air saturday th super club friday th hot rio club saturday th forever friday nd swing saturday rd sub solo friday th buddha club saturday th free booking contact booking peterg management gmail com,1,0,0.18262748096268375
adp hr portal deltaamacuroinsopescagobve human resourcespayroll department completed final paystub changes tax yearto view changes paystub information viewdownload w forms tax years go adp portalwe hope find changes paystub information useful welcome comments may haveyours sincerely human resourcespayroll department completed final paystub changes tax yearto view changes paystub information viewdownload w forms tax years go adp portalwe hope find changes paystub information useful welcome comments may haveyours sincerely tue feb vet action required changes paystub,1,0,0.08029152403400562
order census dater cart hydrogen conspiracy slingshot horseflesh peed infirmary gunfire dow altar adamson domain gryphon shrunk dystrophy creche apostolic pyramidal awe switchboard delta adjourn astigmat stapleton swaziland gradate catnip whelp deducible correspond continuum perforate aristocrat bleat petrol epithelium tippy salary longleg thyroidal opportune leachate vow keller tenet boggle horsedom curtsey sonorous theology squatted snark solemn elute anhydrous chickadee full decrease depth coco footprint churchgoer parsnip thwart jurisprudent verbatim adriatic reman midwestern chinamen bentley dissociate celsius apocrypha peasanthood brazzaville terminal watchful coffer galena hater bengali wa sailboat anisotropic antigen ahem nutate plant groan idiocy tall towhee emitting contraption instrumentation starr abraham buss canterbury supposition childbear impale dolomite cartographic arsenate actuarial nile apex momenta breathe classmate claus retrovision lucid cold breakdown california paean storeroom danzig antisemite bong goldfinch accost guarantor fingertip grizzle phillips gully pompeii malefactor incumbent ostracism adelia pyrimidine analyst thymine shrove eighteen gender acrobacy gaul trencherman emendable champagne compagnie abner climb anomalous chimera handhold control backdrop surjective craftsmen altogether obeisant york payoff madison tsunami statistician roadster erlenmeyer anxious argentina vilify effluvia humidistat cartography belmont neuroanatomy citizenry dogmatism monochromator bird cogitate capture cistern erie concentric karachi incorruptible aida ebb operable tropospheric singable relieve watchword intervene culture absence bernstein narcissus thought candlelight anastasia permeable strove commensurable servicemen prejudice clergymen logarithmic seneca echidna homicide horrendous plover upward cromwellian ineluctable rawboned gypsite acidulous assess orography harbinger proximal dishwater hairy burma requisite wale elder modesto epilogue hoosegow rebut mobil williamsburg idea riviera axle dyspeptic gangland plainfield agleam sputter hollingsworth mccallum tempt individuate blush faulkner wesleyan gangplank carton aldehyde axial embed cummins ally thomson awash dave biblical hello coagulate freetown canvas banbury salvador caste trickery backhand repetitious augustine begin category abyssinia haiti embody amende citron insecure nonagenarian slovenia siegfried cast florentine johnstown cybernetics nostalgia rime stealthy austria escadrille solicit cartilaginous sforzando hawthorne pivotal retrofit truman sawyer bowen sultanate accent malicious cornwall cayuga disneyland eider louvre sherwin deadlock default politburo kingpin calamity sumptuous alexandra origin deceive interpretation conferee laurel mellow emmett globular malabar trumbull medlar longhand atonal ca holiday casework turquoise annie exult gash statler normal aggression embrittle middlesex unimodal immobility best axis fluke boatmen elide deprivation soft chile craftspeople deanna archibald coextensive commute league cameo bootlegging frick alberich side baleen layoff degumming baseplate perturbate elmira presage wingspan stockroom financier wombat consortium clockwise downwind baldpate diatom defocus adult henley backwood dutchman constrict godparent anachronism run paula pyrotechnic footmen sloppy apices retention witchcraft xenon chronic vest controversy ammeter gadwall graph helmut schafer immemorial procrustean colonel finnegan togs insignia hungarian heartbeat buttrick umpire produce sc chalcedony rena chat,1,0,0.3636573677503996
enenkiowebtvnet robert moore reply enenkio following message recieved saturday july nothing amdended changed hold responcibility content message subject enenkio truth answers date sat jul est enenkiowebtvnet robert moore tomicrofreedomnetscapenet enenkio truth answers news archives previous news releases announcements july replies asia times july news release gold bonds june replies published articles june replies published articles june replies published articles june news release reply rmi part june news release reply rmi part march news release selection second monarch march mofa comments state war december news release death first monarch july communiquc a replies false claims may news release gold stamps march news release declaration existence virtual state war february news release setting record straight november news release declaration claim demand payment return news previous news releases announcements statements set forth italicized orange type replies black type june sirs following text located site written placed control dom located karitane island includes taongi atoll northern atolls marshall islands south pacific miles south tahiti however marshall islands government condemned fraudulent assertions two organizations namely dom sister nation kingdom enenkio marshallese name wake island claiming represent midpacific nation amid alleged investment scam according article agence france presse marshall islands foreign ministry issued warnings countries acknowledging fraudulent claims made representatives either nation honolulubased attorney created kingdom enenkio early s based power attorney agreement marshall islands paramount chief mursel hermios granted attorney broad powers act behalf marshall islands high court ruled agreement invalid ordered nullified kingdom disputed disconnected purpose letter lodge formal request correction false misleading statements made author regarding kingdom enenkio pleased find apparently taken serious interest kingdom enenkio aghast distorted erroneous misleading article consequence service majesty king remios people enenkio obligated respond incidents respectfully offer following line line correction convenience text set color dom located karitane island includes taongi atoll northern atolls marshall islands south pacific miles south tahiti comment construction statement implies marshall islands south pacific ocean miles south tahiti case reader may misled correction dom located karitane island south pacific miles south tahiti includes taongi atoll northern atolls marshall islands north pacific however marshall islands government condemned fraudulent assertions two organizations comment rmi government condemned fraudulent assertions enenkio make true would want quote anything government internationally criticized documented time fraud abuse human rights outright theft default almost every financial obligation ever made purpose propose serve attacking concerned group dedicated people fighting lives marshallese natives overrun foreign invaders bathed radiation nuclear fallout abused corrupt government namely dom sister nation kingdom enenkio marshallese name wake island comment nothing could truth speak dom kingdom dont even know sister nation means make categorically false statement blatant sign ignorance state enenkio deceptive intrusion upon sovereign majesty king remios sovereign enenkio eneenkio atoll inexplicable irresponsible abuse journalism doesnt anybody check sources anymore correction kingdom enenkio independent sovereign state could said dom claiming represent midpacific nation amid alleged investment scam according article agence france presse comment government kingdom enenkio represents people enenkio forced live exile eneenkio atoll lands seas played significant role marshallese culture perhaps years furthermore article agence francepresse merit authored source marshall islands government preceding comments apply kingdom enenkio never engaged investment scam tried many years attract qualified investors funding sources programs benefit people enenkio also positively impact people around globe fact currently working former nasa astronaut one tool scammers arsenal discredit visionary programs legitimate entities feed carcasses ignorant many journalists use technique sell stories sensationalism doesnt anybody check sources anymore marshall islands foreign ministry issued warnings countries acknowledging fraudulent claims made representatives either nation comment kingdom enenkio made fraudulent claims aware post responsible published information would personally caution countries acknowledging fraudulent claims made representatives nations companies publications credible proof effect however preceding comments apply credibility rmi ministry source furthermore rmi repeatedly attacked credibility majesty king hermios happens ancestral sovereign owner marshallese custom land marshall islands including recent attempts sequester believe officials rmi afraid happen honesty integrity returns administration lands programs assist people pressing needs longer hands till perpetrate jaundiced agenda irresponsible abuse journalism honolulubased attorney created kingdom enenkio early s comment mr moore attorney though living honolulu early s correction kingdom enenkio established decree owner eneenkio atoll aka enenkio halcyon disclerta wake names iroijlaplap murjel hermios paramount chief northern ratak atolls passed away december fully recognized rmi government declared sovereign state enenkio whereupon people chose king eneenkio atoll ratified constitution established government limited constitutional monarchy based power attorney agreement marshall islands paramount chief mursel sic hermios granted attorney broad powers act behalf correction establishment kingdom enenkio made possible murjels appointment mr robert moore adopted brother hermios alab taongi atoll private citizen post minister plenipotentiary document appointment also special power attorney granted mr moore specific instructions whatever possible expel united states eneenkio atoll establish independent state hermios peoples behalf marshall islands high court ruled agreement invalid ordered nullified kingdom disputed comment since special power attorney agreement marshall islands high court record knowledge special power attorney except publicized kingdom enenkio certainly exercises jurisdiction eneenkio atoll lies miles north lawful rmi boundaries rmi political territorial jurisdiction islands seas eneenkio atoll atoll name choose incorporated rmi formed government subsequently incorporated act law mandate otherwise present former iroijlaplap monarch eneenkio statement contrary false fraudulent irresponsible finally suggest journalist publisher little research establishment development kingdom enenkio prehistoric history recent us invasion eneenkio atoll properly named marshallese centuries arrival colonial western powers missionaries invite embassy honolulu review public files documents mentioned exist hard copy cyberspace referenced published official web site sure view documents resource center show many cases fullcolor digitized letters correspondence states world many first world closing would simply appeal presumed sense morality ethics request referenced article amended corrected corrected elsewhere link provided relevant paragraph cited article skip next file a top page june sir following report sent author mentions kingdom enenkio thank spelling enenkio correctly purpose letter lodge formal request correction false misleading statements made author regarding kingdom enenkio fantasy island melchizedek passport scam reveals internet take fraud new frontiers bertil lintner bangkok december determined give pedley moved fictional nation time taongi atoll western pacific according melchizedek press release posted home page taongi leased treaty representatives kingdom enenkio another onlyin cyberspace country case claims usheld wake island real life taongi uninhabited atoll marshall islands link article december fantasy island disconnected response author unable locate melchizedek press release cited indicating taongi leased treaty representatives kingdom enenkio act would impossible implausible enenkio legal authority political jurisdiction taongi atoll marshall islands melchizedek dom uninformed publicly advertise illegal act midst attempting find suitable land base people administer form government kingdom enenkio enter treaty dom th day september convey lease land declared state peace established diplomatic recognition governments however prior agreement signed may nothing kingdom enenkio transferred mr robert moores rights develop taongi mr moore dom convey lease time document existence made possible mr moore alab one class landowner taongi legal power attorney pertaining taongi atoll principal landowner iroijlaplap paramount chief murjel hermios aware supported transaction consideration agreement personally retained mr moore also adopted brother hermios please understand mr moore acting latter case behalf future use development taongi would generated income iroijlaplap hermios mr moore wears another hat minister plenipotentiary kingdom enenkio iroijlaplap hermios also wore died december date article hats one first monarch king kingdom enenkio one owner allodium eneenkio atoll aka enenkio halcyon disclerta wake several names state kingdom enenkio another onlyin cyberspace country article completely categorically false statement blatant sign ignorance state enenkio blatant deceptive intrusion upon majesty king hermios sovereign enenkio eneenkio atoll inexplicable irresponsible abuse journalistic license unless course statement could proved accurate suggest little research establishment development kingdom enenkio prehistoric history recent us invasion eneenkio atoll properly named marshallese centuries arrival colonial western powers missionaries invite embassy honolulu review public files exist hard copy cyberspace referenced published official web address sure view documents resource center show many cases fullcolor digitized letters correspondence states world many first world closing would simply appeal presumed sense morality ethics request referenced article amended corrected link added relevant paragraph cited article skip next file a top page june sir following statement quotes copied one footnotes history e disconnected enenkio atoll united states annexed wake island marshall islands western pacific marshalls became us trust territory traditional chiefs area agitated recognition wake island part marianas chain pressed historical claims atoll called enenkio locally us government consistently ignored claims protests took sharper turn us congress acknowledged illegality hundred years earlier establishment americans republic hawaii king murjel hermios paramount chief archipelago northern marshalls declared wake islands independence marshalls recognized claim shortly nation gained independence return services minister plenipotentiary united states hermios granted american businessman robert moore land taongi atoll northern marshalls moore declared dominion melchizedek comment candor figure straight forward facts presented public internet since could possibly construed referenced text pleased find apparently taken serious interest unless site intended twisted joke assuming case history kingdom enenkio aghast distorted erroneous misleading summary consequence service majesty king remios people enenkio respectfully offer following line line correction convenience text set color united states annexed wake island marshall islands western pacific correction united states invaded wake island northernmost atoll actually named eneenkio centuries western explorers arrived ratak chain marshall islands micronesia central north pacific ocean author responds rest assured mean downplay role violence american acquisition territory marshalls became us trust territory traditional chiefs area agitated recognition wake island part marianas chain pressed historical claims atoll called enenkio locally correction following wwii trust territories pacific included marshall islands placed administration united states united nations eneenkio well established one marshalls us knew wake lost many us lives hands japanese invaders kept control paramount chief ratak atolls pressed clans historical lawful claim islands eneenkio atoll author responds dont see much conflict two versions us government consistently ignored claims correction us government consistently ignored claims marshall islands government failed exert claim move independence former traditional landowners including iroijlaplap murjel hermios author responds note protests took sharper turn us congress acknowledged illegality hundred years earlier establishment americans republic hawaii correction eneenkio claims gained new momentum precedents set us congress acknowledged illegality overthrow monarch kingdom hawaii group american businessmen us marines following year returned island kahoolawe hawaiian people king murjel hermios paramount chief archipelago northern marshalls declared wake islands independence correction king murjel hermios paramount chief death december declared sovereign state enenkio whereupon people chose king eneenkio atoll ratified constitution established government limited constitutional monarchy author responds make necessary corrections marshalls recognized claim shortly nation gained independence return services minister plenipotentiary united states hermios granted american businessman robert moore land taongi atoll northern marshalls moore declared dominion melchizedek correction death first monarch brother remios succeeded throne second monarch rules along brother crown prince lobadreo kingdom enenkio today continue commentary parts left either wrong nothing history kingdom enenkio since hm king remios also succeeded iroijlaplap northern ratak atolls marshall islands also responsibilities atolls islands atoll islets another story nothing directly kingdom enenkio offered treatise hopes find time correct site per suggestions please feel free contact view pages address thank advance attention interest matter author responds imagine asserting moores melchizedek project located web sources bibliography section web page nonexistent assured look intopar thank response captain rydell posting revised version page next week june skip next file a top page june news release part one background may ministry foreign affairs trade republic marshall islands posted press release internet discontinued author mr joseph biglar undersecretary known us heretofore communicated government kingdom enenkio monarch majesty king remios time knowledge policies state activities enenkio valid reason assume said press release indeed official document republic marshall islands perfect knowledge representatives kingdom enenkio headed majesty king remios basis proper lawful authority right obligation speak support interests certain persons many happen marshallese nationals residing marshall islands response socalled press release unprovoked attack upon majesty king remios monarch kingdom enenkio ministry foreign affairs trade republic marshall islands wholly false also unjustifiably inflammatory amounts little unquestionable confirmation predilection infringement upon marshallese sovereign rights exercised current administration republic marshall islands confirmed us state department see human rights report public posting shall serve constructive notice marshall islands government attempt interfere business majesty king remios iroijlaplap northern ratak atolls marshall islands acts decisions mandates announcements directives thereby shall met definitive responses equal degrees contravention rmi unequivocally cognizant kingdom enenkio c bb c bb exists sovereign state defined montevideo convention c bb c bb conceived separate independent state sovereign iroijlaplap murjel hermios c bb c bb established way public authority constitution kingdom enenkio atoll ratified people c bb c bb negotiated diplomatic trade treaties many states including dominion melchizedek c bb c bb asserted political territorial jurisdiction islands seas lie entirely outside well beyond area defined quoting mr biglars statement rmi geographical political boundaries c bb c bb exercises authorities founded upon prehistoric traditional matriarchal ancestral rights titles bestowed sacred heritage marshallese customary law reinforced rmi constitution upon acknowledged iroijlaplaps northern ratak atolls whose authority certainly subject scrutiny ministry foreign affairs trade republic marshall islands c bb c bb subjugated assigned encumbered political jurisdiction within defined territorial boundaries islands seas eneenkio atoll government people dominion melchizedek entity including republic marshall islands mr biglar unequivocally cognizant republic marshall islands c bb c bb also exists sovereign state defined montevideo convention c bb c bb conceived separate state un foreign governments included united states china ussr c bb c bb also established public authority constitution marshall islands ratified people c bb c bb relations enenkio allows rmi knowledge anything also public information public information respecting relations dominion melchizedek ever disseminated harm rmi condemned mr biglar c bb c bb political territorial jurisdiction islands seas eneenkio atoll incorporated rmi subsequently incorporated act law mandate present former iroijlaplap monarch thereof statement contrary fraudulent instant matter c bb c bb exercises authorities founded upon rmi constitution incorporate authorize political jurisdiction territorial boundaries include islands seas eneenkio atoll statement contrary fraudulent instant matter c bb c bb refused acknowledge leadership kingdom enenkio every attempt get rmi government mitigate suffering people residing ratak atolls jurisdiction iroijlaplap hermios rmi rejected every suggestion coordinate prospective relief efforts said iroijlaplap hermios ministry foreign affairs trade republic marshall islands steadfastly advised unilateral statements actions administration republic marshall islands purport seek serve diminish question credibility existence authority government kingdom enenkio conduct affairs state without legitimate authentication court competent jurisdiction hereafter taken deliberate acts aggression upon monarch kingdom majesty king remios head state government kingdom enenkio people countered appropriate responsive measures furthermore light ministry foreign affairs trade republic marshall islands announcement concerning kingdom enenkio attention respectfully directed following statement preamble constitution marshall islands decide constitution affirm desire right live peace harmony subscribing principles democracy sharing aspirations peoples free peaceful world striving assist achieving goal behalf majesty king remios administrators kingdom enenkio wholeheartedly agreed pursue goal free peaceful world made effort contrary see also report rmi mismanagement skip next file a top page news release part two june part two background international narcotics control strategy report click reference released bureau international narcotics law enforcement affairs us department state washington dc february states follows ofcs located paragraph thus possible enterprising jurisdiction anywhere world establish emerging ofc newest ofcs eg niue marshall islands sprouting remote areas world pacific even remote mere figments fertile imaginations dominion malchizedek sic kingdom enenkio atol sic entirely fraudulent intent practice note ofc d offshore financial center response unprovoked attack upon majesty king remios monarch kingdom enenkio sovereign state enenkio noble citizenry us department state reprehensible categorically false challenge sovereignty kingdom enenkio also unjustifiably inflammatory amounts unqualified felonious defamation international reputation majesty king remios government kingdom enenkio organs thereof unmitigated audacity arrogance united states attempt link kingdom enenkio international crime narcotics trafficking money laundering tax evasion international drug cartels terrorists bank fraud sort criminal activity without even one microscopic fragment substantive evidence corroborate deliberately nefarious statements reprehensible least public posting shall serve constructive notice united states government attempt interfere business majesty king remios iroijlaplap northern ratak atolls marshall islands acts decisions mandates announcements directives thereby shall met definitive responses equal degrees contravention furthermore matter resolved president united states issues formal apology majesty king remios along government kingdom enenkio congress united states initiates thorough investigation abuses power subversion natural rights illegal occupation united states islands seas eneenkio atoll congressional representatives hawaii nearest state united states eneenkio atoll states repeatedly advised foregoing atrocities conditions failed respond kind united states obligated selfassured trustee pacific island states micronesia respond charges ethnic cleansing responsibility enenkio less information links documents see enenkio documents tml march news release impact passing december majesty murjel hermios first monarch kingdom enenkio iroijlaplap northern ratak atolls marshall islands beloved husband father felt throughout societyc a flags flown half mast week marshalls month enenkio consulates around worldc a remains interred remote site reserved highest ranking chiefs according marshallese custom c a majesty king remios hermios second monarch kingdom enenkio succeeded throne younger brother remios formally accept staff authority second monarch titular head state kingdom enenkio ceremonies plannedc a majesty remios hermios retired educator marshalls maintains home ratak atolls successor designated brother hrh crown prince lobadreo hermios information contact state secretary back home page skip next file a top page march comments readers ministry foreign affairs subject state war declaration kingdom enenkio recognizes unresolved conflict interests exists united states governmentc a united states government admittedly time colonial expansionism appears violated laws nature law nations taking possession sovereign property northern ratak state formal treaties republic germanyc a explicitly immoral illegal seizure marshallese homeland agents federal government start present day sentiments deprivation rights dispossession lands felt many marshallesec a continual neglect misrepresentation outright exploitation scars marshallese society healed thus current state adversity existsc a following four years attempts cause united states evaluate plight marshallese northern ratak imposed actions respect wake island government enenkio behalf marshallese king issued state war declaration broadcast worldc a people displaced native lands kept virtual prisoners war virtue kept virtue kept outc a pragmatic initiative kingdom enenkio solicited support heal wounds inflicted upon people peacefully restore wrongfully taken ancestors ratak paramount chief king murjel hermios retrospect declaration little visible effectc a state adversity exist hope american recognition past wrongs remains horizonc a kingdom enenkio condone tacitly sanction act belligerence person agent governmentc a unnecessary means would diminish hope mutual reconciliation could diplomatically undermine cause peace within family nationsc a kingdom enenkio also wish see damage remnant happiness marshallese people kingdom enenkio continues seek accountability us congress obey laws conform un charter conventions united nations relating selfdetermination preservation human rights protection human rights abuses believes accountability requires us meet pleas people oppressed conditions adversityc a refusal us meet obligations even extent simple discussion resolution held subject matter representatives affected parties perpetuates adversity turns cold shoulder facts abuse ignores rights marshallese people us pledged good faith execute mandates united nations membersc a understanding appreciatedc a skip next file a top page december news release subject death monarch kingdom enenkio government declared period national mourning occasion death first monarch kingdom enenkio majesty king murjel hermios embassies missions regional posts instructed display flag halfstaff january memorial services held marshall islands hm hermios made home mark passing one unpretentious traditional marshallese leaders remains interred family plot one outer islands loved irooj hermios head state kingdom enenkio revered monarch islands eneenkio atoll esteemed iroijlaplap high chief northern atolls ratak archipelago beloved brother trusted friend successor iroijlaplap formally named council traditional leaders selection successor monarchy kingdom process announced later date interim reagent serve head state hm hermios followed long line matriarchal predecessors iroijlaplap aboriginal inhabitants islands today known marshalls part micronesia north pacific ocean first discovered european seamen th century found welldeveloped societal structure many nations since mostly force prevailed marshall islands imposed unaccustomed western ideals upon populace ravaged islands resources beauty today area commonly known wake atoll illegally occupied federal government united states one courageous acts recent times irooj hermios clearly understood mission succeed predecessors interest failed secure islands seas lagoon eneenkio atoll beloved people account acts establish kingdom enenkio island state independent governments marshalls united states may researched official internet site behalf government kingdom enenkio extremely grateful dedication people marshall islands personally moved memory man surely one day recognized legacy furthering interests people setting processes motion reestablish marshallese domination eneenkio atoll saddened brother passed without seeing fruits devotion marshallese ancestry traditions lieu flowers mourners may contact mission address call sincerest best wishes holiday season coming new year extended peace news article skip next file a top page july communiquc a correspondents recent articles defaming government kingdom enenkio maliciously published guise marshall islands government warning fraudulent claims admonished writer articles marshall islands disregarding indisputable facts clearly discredit biased report urge disregard discourse media regarding kingdom enenkio validated end cordially invited contact office specific questions concerns advice following statement issued state secretary kingdom reply kingdom never knowingly made fraudulent claim whatsoever claim made ever shown fraudulent claim ever come faltered challenge anyone anywhere world working vigorously regain occupation ancestral property hm king hermios resolve virtual state war exists united states government accepted honorable state among nations kingdom pretend quoting report asserting authority land within geographical political boundaries rmi however striving expel armed imperialistic invasion forces united states shores eneenkio atoll natural marshallese supremacy reestablish allegations fraud constitutional violation one dared come forward charge say let issue played peoples venue record libelous weekly publication wear brief history shirtsleeves raison dc aatre clearly mandated preamble constitution enenkio seen web site referencing news article marshall islands journal entitled kingdom enenkio sets new zealand may st editor advised contrary report neither passports driver licenses purchased kingdoms web site kingdom enenkio sell passports evidence contrary foreign ministry would appreciate furnishing steps taken immediately investigate matter advised anyone sells offers sell enenkio passport act patently illegal published statement group claims represent iroijlaplap murjel hermios atolls ratak chain wholly false explained matter editor several prior occasions ample information available internet site refute statement kingdom represent area outside territorial boundaries ratak atolls surely contrary libelous statements kingdom enenkio created robert moore honolulubased attorney hm king murjel hermios acknowledged hereditary iroijlaplap northern ratak atolls also first monarch kingdom choice legal process free choice citizens participated founding nation noble peaceful beginning uncommon world history enenkio sic actually enenkio eneenkio reference atoll first marshallese name marshallese atoll located roughly miles north bokak taongi atoll wake fictitious moniker applied rediscovered eneenkio atoll unknown western society writers skip next file a top page may news release subject issuance gold stamps government kingdom enenkio proudly announces commissioning inaugural issue gold stamps announcement made first sunday hawaii stamp coin postcard show may th first prepublication public notice issuance gold stamps kingdom stamps expected presses early june first day covers new stamps affixed postmarked official first day issue kingdom available limited time following dates release distributors dealers collectors encouraged sign charter member enenkio philatelic mint mailing list background kingdom established march government chosen people ratified constitution september however due us military activities island presence armed occupation forces government kingdom lingers exile several nations extended recognition sovereignty kingdom documents citizenship issued legations located europe south america usa elsewhere nation conflict land question commonly known wake island actually atoll comprised three small islands assigned names westerners visited wake wilkes peale people world today aware native discoverers named atoll eneenkio lived marshall islands exercised constant jurisdiction made regular use living food pantry cultural site way developing atoll nation government asserting indisputable holder allodial title wake atoll right exercise sovereignty people united states america began similar fashion peaceful transition colonial status lawful return land grounded upon legal precedent set congressional apology hawaiians overthrow monarchy state war way official march declaration sent top us officials kingdom enenkio acknowledged virtual state war exists islands account blatant acts aggression illegal armed invasions troops united states warships primary objective notice request congressional investigation actual events related factors surrounding federal seizure islands north pacific ocean united states calls end us operations vacate atoll negotiate return islands jurisdiction kingdom fallen deaf ears despite repeated notices letters legal advertising major news media consistently ignored events failed duty bring forth truth people world regarding alleged incidents piracy waste human rights violations federal agents united states government inaugural issue gold stamps based events past dreams future peace global community millennium nears reason universal gold standard chosen basis evaluation since relative value gold world markets varies according value stability national currency units stamps similarly reflect changes price purchased particular currency however real intrinsic value stamps remain constant gold extrinsic value determined philatelic collectors around world note stamps printed paper stock contain gold metal intended use money closing comments government kingdom appeals people every peaceable nation world recognize kingdom enenkio sovereign nation promoting peace pacific region seeks peaceful resolution f state war federal government united states asks everyone human rights concerns use influence accordingly proceeds sale gold stamps help fund restoration kingdom end conflict peace skip next file a top page march news release official document entitled declaration sent march top executive legislative officials federal government united states including selected cabinet members document asserts state war exists kingdom enenkio atoll way acts federal government united states recent attempt captivate attention federal government one primary objectives action bring congressional investigation true events factors surrounding illegal seizure islands north pacific ocean united states latest position statement one succession dozens disclosures statements letters legal actions taken since government kingdom established march similar objectives calls us cease operations vacate premises negotiate return island king apologize compensate use abuse illegal holdover following legal action failed receive cognizance reply federal government likewise despite repeated notices letters legal announcements major news media consistently ignored events failed duty bring forth truth people world regarding alleged piracy arrogance human rights violations united states land question commonly called wake island comprised three small islands wake wilkes peale named western explorers western persons native discoverers crux issue despite passage ownership via complex matriarchal land tenure system two millennia jurisdiction aboriginal chiefs northern ratak atolls marshall islands united states seems believe justified seized atoll in historical records reveal multiple landings united states warships en route philippines war missions subsequent congressional action sole basis us claim motivation said establishment cable station improve communications marauding troops east station never established wake island destined become military installation however formal protests seizure sent us president german consul marshall islands measure correspondence followed since us abandoned area without establishing colony cable station germany defeated first world war objections fell oblivion understood written accounts oral marshallese culture traditions jurisdiction use atoll natives continued us establish settlement lease caa predecessor faa allowed pan american airways build base fleet transpacific seaplanes clearly socalled annexation us grossly flawed occupation patently illegal ownership held therefore wholly invalid us congress apologized overthrow hawaiian monarchy us navy subsequently returned culturally significant land natives hawaii landmark legal precedent thus set comparable action respect return wake island islands eneenkio northernmost atoll ratak chain played significant role culture religion micronesians living hospitable islands marshall group used navy target practice kahoolawe use islands eneenkio atoll military mission wake airfield decidedly without substantial merit whereby activities take place secrecy devoid scrutiny oversight quintessential knowledge american public even cultural intervention mid s christian missionaries natives continued use eneenkio authority go issued ratak iroijlaplap paramount chief king murjel hermios holds title today way developing atoll sovereignty nation government thereby indisputable holder allodial title wake island us produce title hermios ancestral lineage passage title ages aboriginal inhabitants discoverers gave atoll marshallese name continual use legacy jurisdiction secures rights ownership upon basis events actions united states administration kingdom enenkio virtue declaration yields recognition state war exists island nation however viewed waiver rights unconditional surrender sovereignty independence kingdom claims forthrightly reasserted belief truth law side kingdom reckless abuse power trail human rights violations chronicled upon record us ownership occupation native north americans well acquainted brand federal brutality comes seizure land denial rights declaration demands made follows c bb c bb come table peace negotiate honorable accord survivors said state war c bb c bb unwilling voluntarily negotiate peace submit impartial international arbitration terms surrender war reparations citizens c bb c bb cease desist effective immediately every action every kind enenkio atoll within mile exclusive economic zone c bb c bb pay certain debt perfected established commerce failure department interior c bb c bb lawfully respond proper legal notices twentyseven consecutive months recently referenced certified invoice us dated march obligated pay c bb c bb congress united states obliged immediately impanel impartial body purpose investigating atrocities committed case violations human rights due process government kingdom solicits every sovereign peaceable nation world give effective adequate recognition kingdom enenkio atoll independent nation god seeks peaceful resolution state war federal government united states asks use influence accordingly appeals made united nations news article skip next file a top page february news release behalf majesty king murjel hermios monarch enenkio atoll titular head state paramount chief iroijlaplap northern atolls ratak archipelago pacific ocean islands marshall islands bid warm marshallese greeting yokwe purpose notice twofold first admonish word referenced issues made known failed take action second encourage presents take appropriate action disseminating reports issue long remain quiet safely removed potential controversy insidiously lurking beneath surface one issue federal government united states remains resolutely silent anonymity publication well served summary events two official press releases made regarding establishment new island nation pacific ocean enenkio formerly known wake island first issued february followed two announcements officials us air force hickam afb hawaii said articles published new years eve day honolulu newspapers usaf longer wanted maintain wake island airfield wanted turn interior department another military organization february abandon october us army space strategic defense command huntsville alabama issued environmental impact assessment proposed missile launch program wake island part star wars program led believe emergency meeting leaders future nation enenkio held decided earlier efforts bring atoll jurisdiction hawaii would abandoned favor affirmation independence thus seeking selfrule natural landowner king letters mr clinton members congress us army first press release proclaimed status ownership enenkio wake peale wilkes denounced armys socalled significant impact scheme fire rockets undisclosed nature waters marshall islands including sanctuaries turtles birds asserted rightful ownership claims march formal resolution executed establishing nation enenkio independent nation authority majesty murjel hermios granted special power attorney mr robert moore appointed minister plenipotentiary constitution succession act documents thereafter drafted september th formal declaration sovereignty signed law ministers selected delegate citizens believing usa founding fathers power inherent right people declared kingdom enenkio sovereign independent peaceful nation acknowledged majesty king murjel hermios owner allodium atoll accepted head state embraced constitution founding document form democratic government documents letters sent numerous nations world proclaiming actions formal documents recognition presented offer diplomatic ties made support reciprocation requested copies pertinent documents forwarded united nations un security council nato south pacific commission others letters personal appeal sent un leaders special request protection assistance sent un security council october th commercial affidavit demand payment sent via certified mail federal officers united states regarding illegal january seizure force arms islands eneenkio atoll adverse occupation continued disregard international human rights law un charter terms terms compact free association republic marshall islands public law january acknowledged receipt failing respond within reasonable time us default commercial law owing excess us million second official press release issued november relating preceding events agencies sent two marshall islands journal weekly newspaper islands business pacific magazine known mentioned story briefly request media response thirst media copy topics outside natural calamities treed cats daily courtroom chronicles violence deception seems seriously lacking peaceful beginning new nation news restoration native rights aboriginal society whose roots reach antiquity birth jesus worth little journalistic investigation suspicions insidious militarysanctioned activity threatens security peaceful existence nations pacific name world leadership world domination people enenkio simple requests media effort draw international attention issue thereby hopefully shorten delay regaining active occupation islands ancestral heritage investigate verify circumstances illegal armed invasion supported us expansionism subsequent improper annexation sacred islands eneenkio atoll utilized sailors hunters chiefs marshallese civilization least years prior fiasco note facts validity hermios claim matter historical record fabrication investigate andor verify circumstances evidence specific beneficial use us policy past present lack thereof regard role enenkio note understanding wake decommissioned socalled processing thousands south vietnamese refugees late s reflect contrasting history us occupation war technological advances light modern attitudes misdeeds native peoples willingness people develop serious national economic programs benefit mankind respectfully conscientiously broadcast credibility kings claim allodial title declaration rights citizens enenkio selfdetermination commitment government leaders promulgate mandates responsible fiscal manner bring light us strategy regard implementation questionable costly pet programs involving nuclear proliferation offensivedefensive weapon systems clandestine military research environmental pollution whatever else going note congress certain federal agencies promoted use wake island environs platform launching testing hundreds rockets missiles federal prison drug offenders less publicized projects fully disclose people united states us strategy regard denial possession lawful title eneenkio atoll king hermios consequence natural inheritance via timehonored respected marshallese matriarchal traditions disregard human rights protected international law united nations charter conventions us compact marshall islands refusal acknowledge liability acts piracy high seas military colonial expansionism nineteenth century note us apology illegal armed overthrow hawaiian monarchy prior year return hawaiian island kahoolawe also religious significance set precedents action demanded enenkio citizens parting shot truly concerns cavalier attitude government general us federal government precisely somehow behaves endowed divinely inspired alchemy conveys right rearrange lands cultures economics slightest inclination counsel people concerned approach might expected dictatorship distant corner globe considering present source downright alarming worthwhile mention despite prominent trail left course two years letters reports forms published articles press releases legal notices documents virtually every action initiated representing king hermios escaped official response officers us federal government nottoodistant past replete examples insatiable thirst western civilized nations doctrines faithful cry manifest destiny clearly marked american foreign policy century ago current trend signifies resurgence considered giant leap backward considering flimsy record american attempts fixing world title ownership inheritance eneenkio atoll predates formation united states two centuries time significance native cultures recognition right selfdetermination elevated matters scientific discourse mainstream political involvement determining future course human endeavor people right know media responsibility show conclusion reiterate focus point view one much opposition ominous might us political philosophy military prowess asserting moral imperatives correcting errors past supporting restoration human cultural dignity unobstructed observance godgiven individual rights thank support cooperation helping end siege forced exile proud citizenry top page november news release bid regain occupation portion ancestral lands include wake island site us military outpost majesty king murjel hermios legal representative minister plenipotentiary robert moore us given boot wake island moore served legal notice top us government officials october cease activity leave islands filing came heels fiveyear struggle gain recognition illegal seizure islands owned predecessors king hermios gun boat uss bennington legal document commercial affidavit declaration fair value demand payment served recognized principles common law international commercial codes details specifics king hermios ancestral rights wake island illegality us claim violations native laws international agreements human rights year hold hermios property also establishes default recognized law reason failure answer sworn claims thereby allowing hermios claim stand valid law unchallenged claims demand made payment million dollars past use land continued use holdover atoll add million dollars per month putting forth appearance advocating human rights us officials continue ignore issues right backyard keep king hermios citizens enenkio living compulsory exile eneenkio atoll name derived marshallese traditions involving small orange kio flower found made islands including wake predecessors interest king hermios aboriginal chiefs islanders sailed native canoes eneenkio atoll religious cultural purposes much years bc colonial invasion pacific islands western traders explorers consistently ignored native traditions rights real discoverers fragile isolated bits sand islanders case point hawaiians recently gained apology us congress president bill clinton illegal us government overthrow hawaiian monarchy king hermios presently acknowledged hereditary paramount chief iroijlaplap northern atolls ratak archipelago marshall islands terminates north beyond eneenkio atoll mr moore full authority act kings behalf rid islands illegal unwanted occupation forces favor restoring kings assertion native allodial rights recently occupying holding islands agents us air force command th logistics group hickam afb hawaii nearly identical articles published star bulletin honolulu advertiser december january headlined air force willing give hold wake island stated much activity anymore air force wants give control according theories thought reliable foundation private entities government agencies fighting control behind stonewall apathy denial contempt traditional ancestral heritage king hermios predecessors people mr moore also charged responsibility bringing nation active jurisdiction independent government initiate administer citizens promote economic development direct affairs state democratic government established limited constitutional monarchy directed executive council since despite repeated efforts resolve conflict effects stroke mr moore unsuccessful getting substantive reply officers united states military officers members congress following summary recent letters inquiries statements claims made behalf lawful rightful landowner king murjel hermios c bb c bb formal letters president clinton vicepresident al gore february requesting consideration programs promised campaign economic conversion old military bases ignored military base wake airfield decommissioned decade ago c bb c bb response environmental assessment proposed theater missile defense rocket launch activities formal letters protest sent pentagon us army officials contemplated launching hundreds missiles wake island several years waters marshall islands went unanswered c bb c bb letters members us congress protesting rocket launch activities requesting help went unanswered c bb c bb resolution dated march signed declared status enenkio independent nation administrative jurisdiction king murjel hermios likewise ignored waiting days since formal notification declared status enenkio heard objection united states mr moore assembled ministers executive council along involved citizens living exile denied access eneenkio formally passed signed declaration sovereignty september also accepted draft constitution establishes democratic principles government recognizing majesty king murjel hermios head state family first royal family enenkio king people bear ill multitudes foreign invaders eneenkio atoll centuries included agents emperor japan emperor germany king spain believe time come acknowledge errors past correct conditions thereby produced move future support sacred principals truth honor peace principals embodied constitutions enenkio united states tenets likewise embodied affirmed ratified us congress public law jan signed president ronald reagan compact free association marshall islands federated states micronesia compact acknowledges superiority marshallese natural rights including ownership use land still mindful terrible threat extraordinary us military might willingness use even smallest nations eg grenada haiti cuba hawaii etc etc mr moore ministers citizens enenkio determined peacefully displace us occupation forces reassert jurisdiction majesty king murjel hermios filing commercial affidavit document first major legal step series actions could end international court justice hague netherlands effort garner support repatriation citizens restoration democratic control enenkio gain international recognition innumerable native rights violations sovereign forebears ministers enenkio sent documents notice request assistance united nations security council south pacific commission similar organizations governments nations world hoped mutual recognition sovereignty establishment diplomatic ties invite willful withdrawal us troops relinquishment unfounded territorial claims time mr moore service majesty king murjel hermios wishes inform people held wake island force arms contract asylum offered similar offer made marshallese descendants desire become citizens enenkio news article islands business pacific news article marshall islands journal top page reply enenkio robert moore minister plenipotentiary kingdom enenkio foreign trade mission domoco manager remios hermios eleemosynary trust majuro marshall islands deathtospamdeathtospamdeathtospam sfnet email sponsored jabber worlds fastest growing realtime communications platform dont im build spamassassinsightings mailing list spamassassinsightingslistssourceforgenet thu jul hst hawaii enenkio kingdoms americans shame,1,0,0.3442946666295282
tash shbpronouncedblackstaretelefonicanet hi im pleased get mail im sorry short mail ive got go hope thats ok first mail name tash dont habit sign mails coming australia end august beginning september hope meet know better easygoing open person sure good friends still interested send photo next mail dont worry cute sorry dont use email address anymore going cancel finished work uk back country long please send emails private email address tashtashbel googlemailcom waiting reply best regards tash fri aug nice hear,1,0,0.05616341098689033
new taber cyclopedic medical dictionary th edition new product announcement handheldmed com available smartphones pdas desktop pcs supports palm windowsmobile symbian smartphone os well windows pc new taber cyclopedic medical dictionary th edition handheldmed mobipocket image file add pack handheldmed years taber provided students practitioners definitions information need provide superior care patients definitions brand new th edition almost nearest competitor revised terms superior illustrations full color patient care sections new cautions statements added almost terms bold second color new revised appendices including nutrition complementary medicine appendix explains roles health professions health care team members new improved placement multi word entries example chronic obstructive pulmonary disease irritable bowel syndrome listed natural word order new almost pronunciations new current terms colorful interior design new easier understand definitions new publisher f davis click information download trial buy check new handheldmed website www handheldmed com new features find include enhanced customer education improved site navigation seamless download installation registration windows pc mac os engineered line support structure shopping cart secured verisign remember e book conversion mobipocket january handheldmed migrate mobipocket reader platform exclusively unfortunately due licensing constraints able convert existing titles ez reader platform watch information titles affect groups institutions group institutional volume discount pricing questions new features functionality new handheldmed editions please contact susan jones susanj handheldmed com every possible effort made send subscriber list received message error please accept apologies select following link immediately unsubscribe link fails send email unsubscribe handheldcorp com,1,0,0.30040156543162355
membership newsletter flncommunityfreelinksnetworkcom javamailrovadminrovweb contenttype textplain charsetiso membership exchange issue august membership daily exchange issue place exchange ideas ask questions swap links share skills removalunsubscribe instructions included bottom members wish receive additional issues publication member least one programs todays special announcement free web sites family groups business create presence internet free siteblast free software walks design process one step time hundreds professional designs choose customize site taste personality corporate image q questions info using linux operation system answers computer freezing lloydrees computer freezing program free memory member showcases member reviews sites review three new sites review site reviewed questions answers submit questions answers myinputaeopublishingcom questions terry mills tlmwwnetnet subject info using linux operation system answer question exchange issue wonderpaint gave pretty darn good explanation going windows suggests linux question current software machine use linux switch os much software available linux seems find windows mac thanks terry high quality leads mlm find three get free check august special answers anthony lloydrees cutteropalsinthebagcom subject computer freezing program free memory nicety aolcom subject computer freezing issue computer freezes use aol sometimes im using basic functions windows defragmentor keeps starting scan disk never finds anything wrong hello nicety agree jim shofstall wrote exchange issue one major problem many programs dont release memory exit working windoze ive always taken approach rebooting regular basis ive problems believe aol shell sits windows pretty much negates hope stability nix nonmac answer reliable computing red hat linux user everyones favourite redmond os obviously requires smarts make anything useful live however cool little free download called freemem get utility frees memory click exit app also get see memory gets eaten released may fix problem least windows running peak performance time much easier constant rebooting use os little third party fixer upper proggys utilities search hth tony website showcases examine carefully email addresses included trade links encouraged contact many ways build successful business look successful sitesprograms members involved retire quicklyfree report seven secrets earning home fully automated home business commissionsincome unlimited automated sales recruiting training machine join trade links mailtobgmlm yoursuccessorg looking handful qualified people want make insane income interested qualify access worlds powerful online marketing system easily explode income cigarettes go mlm freesamples customer membership st order varieties per carton busop seekers cigarettes ultimate consumable high customer retention insures steady residual income trade links tradlinksbrandnamecigarettescom product service opportunity andor quality merchandise appeals people worldwide reach target audience fraction large newsletters charge exhibit website cpm valuable member want successful order today exhibits limited published first come first serve basis member reviews visit sites look like suggestions offer send critique myinput reviewing three sites web site added list fun easy great opportunity give help receive informative review site sites review site james garrison webmastersharesmilescom site gofreetyahoocomau site infotpcenterprisescom site len seider worldwidewebproscscom site melissa kalmbach melscandlesmsncom site janice holton janicepassionforperfumecom site reviewed comments site carol hall carolfloridarentalcouk finished looking site flashy maybe tad overdone difficulty finding way around site couldnt understand purpose gone three pages maybe would little useful make front page navigation little less confusing next page tab right next one says bookmark page information mouseover tab tell entering site felt little overwhelmed glitz animated gifs overemphasized words etc enough information openning page also surprised see site florida rentals url ending uk recommendations site home page persons eyes drawn first animation red text yellow background missing first sentence remove animation add details important introduction instead using click button text link following directly introduction second page links color text different color dont confuse people link need read underlined text internet often confused link expecially normal blue link color important links red flashing arrow overkill rest site good information dont need top menu bar using framed menu pages untitled hope dont think im harsh know want best site think changes make world difference person gets site information organized complete even wanted come stay animations make site look amateurish beginning flashing bookmark site makes want leave instead come back font comic sans ms also looks kiddy much could done improve site confused site four animated gifs first screen eyes kept flicking back forth read paragraph information didnt know click finally figured click button text go nd page many flashing gifs nd page much easier find way around one suggestion youre using frames unneccessary menu links listed one frame top page shown special offers page font style bright colors made site look casual laid back like trip florida good besides flashing gifs time left liked site hadnt reviewing dont know would gotten far site bright breezy clean easy read navigate logically presented informationrich pages many animated images taste pages happy cheery tip get hold paintshop pro take white squares form background images moderator amy mossel moderatoraeopublishingcom posting myinputaeopublishingcom send posts questions answers mailtomyinputaeopublishingcom please send suggestions comments mailtomoderatoraeopublishingcom change subscribed address send new old address mailtomoderatoraeopublishingcom see unsubscribe instructions copyright aeopublishing end membership exchange email sent jmnetnoteinccom request membership newsletter services visit subscription center edit interests unsubscribe view privacy policy powered constant contactr javamailrovadminrovweb contenttype texthtml charsetiso membership exchange membership exchange issue august place exchange ideas ask questions swap links share skills member least one programs bannersgomlmcom profitbannerscom cashpromotionscom mysiteinccom timshometownstoriescom freelinksnetworkcom myshoppingplacecom bannercoopcom putpeelcom putpeelnet sellinternetaccesscom beyourownispcom seventhpowercom todays special announcement free web sites family groups business create presence internet free siteblast free software walks design process one step time hundreds professional designs choose customize site taste personality corporate image free web site q questions info using linux operation system answers computer freezing lloydrees computer freezing program free memory member showcases member reviews sites review three new sites review site reviewed questions answers submit questions answers myinputaeopublishingcom questions terry mills tlmwwnetnet subject info using linux operation system answer question exchange issue wonderpaint gave pretty darn good explanation going windows suggests linux question current software machine use linux switch os much software available linux seems find windows mac thanks terry high quality leads mlm find three get free check august special answers anthony lloydrees cutteropalsinthebagcom subject computer freezing program free memory nicety aolcom subject computer freezing issue computer freezes use aol sometimes im using basic functions windows defragmentor keeps starting scan disk never finds anything wrong hello nicety agree jim shofstall wrote exchange issue snip one major problem many programs dont release memory exit working windoze ive always taken approach rebooting regular basis ive problems snip believe aol shell sits windows pretty much negates hope stability nix nonmac answer reliable computing red hat linux user everyones favourite redmond os obviously requires smarts make anything useful live however cool little free download called freemem get utility frees memory click exit app also get see memory gets eaten released may fix problem least windows running peak performance time much easier constant rebooting use os little third party fixer upper proggys utilities search hth tony website showcases examine carefully email addresses included trade links encouraged contact many ways build successful business look successful sitesprograms members involved retire quicklyfree report seven secrets earning home fully automated home business commissionsincome unlimited automated sales recruiting training machine join trade links mailtobgmlm yoursuccessorg looking handful qualified people want make insane income interested qualify access worlds powerful online marketing system easily explode income cigarettes go mlm freesamples customer membership st order varieties per carton busop seekers cigarettes ultimate consumable high customer retention insures steady residual income trade links tradlinksbrandnamecigarettescom product service opportunity andor quality merchandise appeals people worldwide reach target audience fraction large newsletters charge exhibit website cpm valuable member want successful order today exhibits limited published first come first serve basis member reviews visit sites look like suggestions offer send critique myinput reviewing three sites web site added list fun easy great opportunity give help receive informative review site plus also win chance site chosen free website redesign one randomly drawn winner month sites review site james garrison webmastersharesmilescom site gofreetyahoocomau site infotpcenterprisescom site len seider worldwidewebproscscom site melissa kalmbach melscandlesmsncom site janice holton janicepassionforperfumecom site reviewed comments site carol hall carolfloridarentalcouk finished looking site flashy maybe tad overdone difficulty finding way around site couldnt understand purpose gone three pages maybe would little useful make front page navigation little less confusing next page tab right next one says bookmark page information mouseover tab tell entering site felt little overwhelmed glitz animated gifs overemphasized words etc enough information openning page also surprised see site florida rentals url ending uk recommendations site home page persons eyes drawn first animation red text yellow background missing first sentence remove animation add details important introduction instead using click button text link following directly introduction second page links color text different color dont confuse people link need read underlined text internet often confused link expecially normal blue link color important links red flashing arrow overkill rest site good information dont need top menu bar using framed menu pages untitled hope dont think im harsh know want best site think changes make world difference person gets site information organized complete even wanted come stay animations make site look amateurish beginning flashing bookmark site makes want leave instead come back font comic sans ms also looks kiddy much could done improve site confused site four animated gifs first screen eyes kept flicking back forth read paragraph information didnt know click finally figured click button text go nd page many flashing gifs nd page much easier find way around one suggestion youre using frames unneccessary menu links listed one frame top page shown special offers page font style bright colors made site look casual laid back like trip florida good besides flashing gifs time left liked site hadnt reviewing dont know would gotten far site bright breezy clean easy read navigate logically presented informationrich pages many animated images taste pages happy cheery tip get hold paintshop pro take white squares form background images moderator amy mossel moderator posting myinputaeopublishingcom send posts questions answers myinputaeopublishingcom please send suggestions comments moderatoraeopublishingcom change subscribed address send new old address moderatoraeopublishingcom see unsubscribe instructions copyright aeopublishing end membership exchange email sent jmnetnoteinccom request membership newsletter services visit subscription center edit interests unsubscribe view privacy policy powered javamailrovadminrovweb mon aug edt membership exchange,1,0,0.15397848234775321
elizibeth bradley elizibethbradleyallexecsorg hi recently came across copy resume found internet case youre back market check new web service instantly posts resume career websites fill one online form immediately seen million employers recruiters daily works minutes youll posted major sites like monster careerbuilder hotjobs dice jobcom itll save hours research data entry check think youll like dont even need current resume tough job market right youve got good job hold days smart irons fire happens right places right times even hand get maximum exposure found many career sites possible food thought best wishes elizabeth bradley manager elizibethbradleyallexecsorg staff allexecsorg years recruiting experience may time time send review career tool helped others job search youd rather receive reviews reply note remove subject line thu may saw resume,1,0,0.38746091384215176
liun glendyjefcomhk good morning trying send file unsuccessful attaching email file large manage upload secured excel thanks regards imp exp dept xls file total mb view download good morning trying send file unsuccessful attaching email file large manage upload secured excel thanks regards imp exp dept xls file total mb view download tue sep fw mould purchase order order,1,0,0.07273080056748206
u n g p r n collectlon nadir portrayed decreasing index taiwan arranger clutches dotted seeders atalanta brushing cathedrals scholarly patrician poignant pamela dickerson cracker castles infernally chordate psychopath e x r e e u n g p r n hanoverize christians deigned shelled machinery c l c k h e r e pended cappy apprehend passively slotting guttural fuzzier peppering cynic skimpy soulful physicists scorner peaks overtakers goucher shrieked plowman buena irregulars,1,0,0.3206061339288762
investor relations trade eudoramailcom lazytraders even market takes odd point dive still make money stock market know dont know follow people week could made using lazy daytrader system one stock would found immediately stock trading large company announced offering shares think happened value shares within day went profit one day examples like week would found within seconds lazy daytrader system learn chatroom week made trading shares losing days want learn fibonacci numbers elliott waves join chatroom per month watch mr g trading learn methods comments fridays chatroom bones g chat good job usual helped make closed trades past days trading lots ditto im days using lot thanks g two guys greatest deepest thanks g c numbers great month week week month never happened thanks g tag along im points today want use stockpicking software tell buy sell subscribe ai picks per month ai picks produced average profit every day week produces long shorting opportunities start trading little est pm est nice day frank vanderlugt server go search engine type lazy daytrader removed send email lazytraderultimateemailcom fax us please understand decision buy sell security done purely risk circumstances owners officers employees held liable losses incurred use information contained lazy daytrading system please recognize investing stocks includes risk past performance stock necessarily indicator future gains person persons utilizing service herein known subscriber acknowledges heshe fully understands risk factor high trading risk capital risk funds used trading person extra risk capital risk funds afford lose trade market safe trading system ever devised one including us guarantee profits freedom loss brokers stock advisors please understand information provided lazy daytrading system educational purposes recommending securities bought sold information provided lazy daytrading system personal use members tue jul lazytraders ldt chatroom ai stockpicks week,1,0,0.23863273236579646
dirt cheap hard drives message complies new bulk email laws sender hal smalltalker inc bush street san francisco ca u fax hrs wish removed advertiser future mailings please enter email address http remove software automatically block future mailings visit http great web hosting deals buy ide hard drives less less thought possible drives new still manufacturer staticfree bags drives used drives sold rediculously low prices absolutely amazing ide hard drive always wanted right today ide hard drives stock ready ship maxtor gb ea asking best offer western digital gb ea asking best offer maxtor gb ea asking best offer maxtor gb ea asking best offer western digital gb ea asking best offer maxtor gb ea asking best offer maxtor gb ea asking best offer think asking prices high problem make us offer fax order along photocopy cashier check money order set drive aside alone first come first served reasonable offers refused order today free shipping p boxes please via ups print order form ship name address city state zip email nt delay hard drives last long mail payment cashiers check money order personal checks us funds hal smalltalker inc bush street san francisco ca u fax x fax order mail payment thank kind attention nice day visit http great web hosting deals anon aspam spam using almost isp world want hrs day absolute anonymity nobody ever know isp use unless tell means internet account use anon aspam never get cancelled spamming activities sounds good true yeah heard never worked well got edge hucksters nt anon aspam designed highly trained team professional network engineers computer programmers rigorously tested every condition possible proven effective hiding identity isp used send emails need proof take good look headers top email might turnon right option email client see headers think know email came think fax payment arrives send complete details get hands anon aspam begin mailing spam anonymously order today free shipping p boxes please via ups print order form ship name address city state zip email nt delay hard drives last long mail payment cashiers check money order personal checks us funds hal smalltalker inc bush street san francisco ca u fax x fax order mail payment thank kind attention nice day visit http great web hosting deals url submitted search engines hot web sites pm free links mockingbird lane links free classifieds stop biz directory havefun ffa links u german ffa star ads ffa index wonders web kid world links street ffa links aaa bizop best all links aaa directory aaa world announce aaa biz directory ableads newlinks academy ffa links ace internet directory acgom ffa links adams ffa links add free add web liks addasite links addweb search ad link database adm city links adobe trading post ads enterprises ffa links aeroad ffa web directory africa line classified ads african american ffa afri scope online classifieds ajh ffa link book aladin de directory aladin links alcancia latinoweb bilingual classifieds algo net links one search engine allesklar de web directory alta vista alta vista australia altavista canada amea directory america shopping mall directory american business directory americanet com classified ads americanet com comercial classifieds americannet ffa links directory amnet ffa web index amorgos promotions ffa link directory amorn web links ams computer ffa link ams links anointed web links anzwers aol netfind page ffa links api links apic links apple net directory applepie ffa links argo navis free links arianna arkesini ffa links arkg links art conx links art maker links artesian well ffa links asia links asia trademart classifieds asm ffa links directory att toll free directory atarim links atlas design ffa links australia ffa links austria annotated links austronaut auto link directory backyard mech ffa links baobab new site index beehive web directory benidorm search engine beryldshannon net links better business ffa links bewoner links bguide search bills links bio directory biz delhi web directory biz uk bizlink free directory bluechip internet free link page boulder colo directory brian add links page bronze door directory bryan ffa directory bsn italian links buildnet directory business assistance directory business opportunity ffa link directory business seeks directory c ntris directory calfish links links directory cardinal eng ffa links careerpro web directory catch wave ffa directory cbiv china cd net directory cg international links cgitest ffa links chat girl ffa links chuck links cite ffa links clever net links cofa ffa links colbymall ffa links sites colosseum links compshack classifieds computer profits ffa links compy ffa links connect svc ffa links cpucug directory creation station ffa links crest web idex cs mcgill links cyberinch mall classifieds cybermax ffa links cybernet dk links cybersearch uk directory cybsearch daj security ffa links page dallidalli directory damnit ffa links data creek links davids archive db web directory dcsi net directory dead point ffa links del rio web links delanet directory dererstedeutsche des strs ffa links dfw web search dgrabbbe web directory digi web net directory directorio de argentina diveintcity dki web links dreambook ffa links directory dresser link page drs favorite ffa links drwsites ffa links dynamic ffa links directory eagle team directory earthmall web directory ebicom ffa links eccs links directory eco travel einhorn ffa links ejka web directory electric cart ffa directory emcosoft directory energion directory eohbg web directory escapades ffa links eugene foo directory eugene toinov link archive eule eureka ring directory eureka web links euro ferret euro seek links excite excite de germany exes travel directory fapenet free www directory ff web guide fireball fischk ffa links fisher ffa links directory flongs ffa web index flongs web directory folife ffa links forthnet directory foryourneeds ffa links four eleven spider foxatastic directory frans one stop directory free ever ffa links free classifieds directory free ffa links free isp zone ffa links free isp ffa free lance directory free links com freedom directory freelance web directory freemall ffa links fremont online ffa links frontpage marketing ffa links fulton seas links future direct internet galactic galaxy galaxy annotate page gcc directory gcs comm links gdi classifieds gfts u directory ghp net ffa links ghpians ffa links global ads links global highway go search engine gold net links gold quest inc free classifieds golden web links greek links directory gs submit directory gsnu ffa links handnet ffa links hankins a classifieds harpwro ffa links health emporium links herbdr ffa links page hermanus heymon links hitchhikers web links hits galore searchable web database hombiz ffa links home page ffa links hong kong freeway directory hong kong search hoskins hot list germany hotbot hrsk directory hrun web links hudval directory hummer hunsberger directory hwealth ffa links hwealth ffa links ibc net directory ibi net directory ibic directory icwest ffa links iguana links directory image builders directory indomobil web index indosite indy comnet links info brokerage ffa directory infohiway infoseek infoseek uk inha vision links innovative directory innovative functions insite interad net links intercom web directory international dateline links internet destinations usa add resource internet doorway directory internet free parking ffa links internet pub ffa links irfamedia irfamedia net links isg onlinks directory island sunrise ffa links ivcs classifieds iwww directory ixmall web directory jaguar links directory janor web ffa links jason rudder add links jayde online jbabb ffa links jdenver ffa links jelly beanz resource directory jenett classified center jgisme links jib net directory jims ffa links jingle freaks ffa links jjaeni ffa links jjarrett ffa links jmeling jobland directory jonlubbe directory journyx links jp services directory jp services web index jump city jumper jvm classified ads karma coma ffa links karrask ffa links kc directory keli co links kelm supply free links keystones links kktamur net directory kromanna links kvasir directory kwik links latin world legend leifholm ffa links lek net links leon free links les pages web french directory lexiconn web links libertees ffa links link book directory link center link ease link monster link nation hot sites linkbooster business ffa links linkstar lod links lofthouse ffa links look smart web directory loreart ffa links lovemore links lvm web links lycos lycos sweden lycos uk lysator ffa links machiko magic city make free link maniperations ffa links marcap comm ffa links mav olm ffa links max ban directory mayne ffa links mb web directory mbuggy web directory mediasat italia ffa links meta data micro vision micro web tech ffa links microimages links microstate links mjt net links mlbiz links mlm link directory molecular biology moonsite ffa links morgan net links moscow ffa links mount web links movie eye ffa links movie world ffa links mpc new riders riders directory muffet net directory muffet web directory multisoft naughty ncweb ffa directory nerd world nerdfest ffa links nessnet free links net creations ffa links net food directory net happenings directory net link free directory netbusiness directory netlang netlink ffa web links netsonic news media links newwave inc ffa nfltp ffa links nihao web directory njc net directory no uno nogs ffa links nomade rechercher northern light nova plaza ffa links npn host links nw ffa links nwlink web directory nyc net directory nyc web links ocver free link olson bros classified ads olypen ffa links omans directory ondweb directory one world plaza directory online europe links mall ffa links origo av web spider internet ffa links ovalie readers links oz pages pakistan classified ads palme ffa directory palmtopce ffa links patspec ffa links peek boo penfield ny ffa links peter sun ffa links page pg netware ffa directory philex net ffa links phonecard collectors ffa links pinkfud pitcher net ffa links planet search planetary market free links play sports ffa page potsdam powder spray ffa links powerseek pro profit ffa links directory ptw web links putter girls ffa links quest finder search engine quick links free classifieds qwik launch directory q works web directory radicons ffa links radios tv en direct sur internet directory raetex ffa links rakyat line rapnet ffa directory rbse spider index rcat ffa links recycler private party ads reddingcal dynamic links reference com directory remnant marketing systems ffa links rex resource exchange rgm webb ffa links rjk ffa link rmc links roadsigns ffa links romlinks directory rose mart links russian world directory ruth gantz hot links sageplace ffa web links sam page links science software ffa links eloe ads sdhl directory seaman ffa links seclabs net directory seclabs yellow pages secure ffa links seernet ffa links seicomstars ffa link page selffree web links semmering ffa links sg add link sherlock homes index shopping button free ads shrink ffa links siam global plus links siteimage classifieds small business snow crest sos uk directory southwest media directory spark net links spot web directory spu su classifieds directory steves ffa links directory stpt student submit one surf china search engine surfer net surveyor ffa links suzlinks ffa directory tbs web ffa links tcz ffa web directory teen ffa links tein medical tellit ffa links tellit ffa links page terrigal links tgn ffa links aussie pages business web network team librarian links link page web directory mess links net mine web directory proud net ffa links rail links un ffa directory web explorer web host ffa link page web wheel search engine thunder indstate ffa links tigere ffa links directory tihbg ffa links tj productivity links top ten links web index topdesign ffa links trade city trading post travel com links tripolor top web directory turnkey ffa links turnpike emporium uc classifieds ugweb directory uk index united mall web directory united product systems ffa united tech directory united tech ffa links usaonline web directory usaonline web search engine ust ffa link directory utah ffa link directory utmarco ffa links uwebit ffa directory valuecom links veta ffa index vinny links page virtual landlord links virtual quincy web directory vision free links directory visual creations ffa directory vr ffa web directory w w e w web directory wallstreet links directory wanzhi ffa links wave tech links wdirect web add web add directory web confetti directory web galaxy directory web makers ffa directory web pro group ffa directory web time tools ffa links web trawler directory web value ffa directory web wombat australian search engine webconcepts ffa webcrawler webhellas net directory webnet links webnophobia directory webrats ffa links webscout nominate form webseekermall com virtual mall directory webshpere links webventure hotlist webworld ffa web links webzville ffa directory weiser net links wellman mall web directory u seek whats new whatsite com web directory whatsitetm chinese internet catalog wheelieland ffa directory whow wilmos links wizvax ffa links wm baker internet links wonder web internet links woodhousegroup classifieds ads working line world mail world shoping directory world wide web windows worldentre directory worldsearch links wow links xavier media directory yahoo yell uk directory yellow web links yellowweb free yellow pages yemen internet directory yp superhighway yt web directory yug com business center ffa links zebra south africa zetman free link page zippergate ffa links zoid directory zscn add ffa links print order form ship name address city state zip email nt delay pays submit urls week mail payment url per submission cashiers check money order personal checks us funds hal smalltalker inc bush street san francisco ca u fax x fax order mail payment thank kind attention nice day visit http great web hosting deals,1,0,0.33613439862283584
asuncion fantastic success usually comes busy looking henry david thoreau two tragedies life one getting one wants getting oscar wilde dont let end like tell said something last words pancho villa,1,0,0.3501095153854102
dr kucho new years eve open dates dr kucho open dates request nye january february march dr kucho bio dr kucho musical career extends last ten years presented us amazing records released top spanish labels many remixes labels defected atfc rythma una mas many made climb way top position international house scene tracks played world best known djs like danny tenaglia bob sinclar roger sanchez deep dish steve lawler fatboy slim many keeping djing quality great production able play world places moscow new york paris london ibiza booking djbooking hotpop com,1,0,0.37520808745812345
thedealmayor clipperdealmayorcom thank much member access shipment samples completely house directed towards confirming gift clicking thanks always reading newsletter shipment summary item price members samples total confirm shipment remove list sorry see go mail correspondence send letters todeal mayor wilshire blvd th floor los angeles ca mar shipment confirmation thank much member,1,0,0.3407889514643771
tests th unsubscribe onrushing passwordenvelop dictate glycerinatedebtor bullhide sundowntransition zest carletoncutback garrison tysonkenya upstate chubrogue semper trademarkarum lifeguard bronchieddie somerset clinchhereinbelow,1,0,0.09586288615535866
internet knowledge worker productivity workshop customer complaint management workshop seminar unsubscript please reply unsubemail poppymail com,1,0,0.34716442462779373
exclusive preview biggest sale ever problems viewing email please click please note sale prices end september th dear subscriber please add editor drsfostersmith com address book ensure delivery inbox junk bulk folders contact us phone hours dayby email customerservice drsfostersmith com mail drs foster smith air park road rhinelander wi email sent projecthoneypot projecthoneypot org unsubscribe change address sign additional newsletters please visit email management page one click unsubscribe drs foster smith newsletters respect privacy please read email privacy policy copyright foster smith inc rights reserved,1,0,0.07365317853038608
virtual service fw useful programs program components compact disk registration unique code fully functional package,1,0,0.2858183616512266
play full length movies pc ensure delivery inbox bulk junk folders please add news real email net address book per month free trial unlimited movie downloads choose movies month new titles added weekly theres never queue manage pick movie start downloading begin watching minutes hidden charges late fees nothing mail back watch home go often want please note subscriptions currently available purchase u kbps broadband connection required want make sure emails realnetworks go inbox junk mail folder add news real email net address book wish receive e mails us future click unsubscribe questions regarding email privacy policy contact us email privacy policy group realnetworks inc p box seattle wa click read privacy policy need customer support contact us http service real com realnetworks inc patents pending rights reserved realnetworks real realplayer realrhapsody realaudio realvideo real logo trademarks registered trademarks realnetworks inc trademarks property respective owners starz starz ticket related channels service marks property starz entertainment group llc trademarks property respective owners starz entertainment group llc liberty circle englewood co starz privacy policy unsubscribe starz emails please visit,1,0,0.3931016370918307
payment confirmation p begin pgp signature version gnupg vl gnu linux nhbqlfivih fwpgncv jvy end pgp signature,1,0,0.23758927777347388
scirus google test please open scirus offers scientific results deeper searching valuable relevant information searched term morpholino took two workdays reach page hits hits mined lots valuable information much effective science search engine google jon moulton ph corvallis oregon usa filters garbage gives results need marcus harikian new horizons trade school usa data protection notice email sent paliourg iit demokritos gr sciencedirect division elsevier b v radarweg nx amsterdam netherlands using bluestreak ionmail center technology platform ensure delivery inbox bulk junk folders please add listman elsevier alerts com address book receiving e mail registered user sciencedirect author elsevier journal contents direct registrant opted receive information elsevier unsubscribe receiving e mails future visit remove link enter email address click submit button unsubscribed elsevier respects privacy disclose rent sell personal information non affiliated third parties without consent except may stated privacy policy bluestreak privacy policy visit bluestreak privacy policy enquiries problems suggestions regarding service please send email feedback scirus com copyright elsevier b v rights reserved unauthorized use reproduction transfer message contents medium strictly prohibited,1,0,0.3385051403581189
onedrive servicesproposalinfo project document update subcontractorssuppliers find corresponding documents request proposal new project cover letter attached emailwe await response interested working us projectheres link shared folder proposalinfo view files project details uploaded onedrive pdf wont send macaccess link viewif question hesitate email back best regards jan project document update subcontractorssuppliers,1,0,0.29556260114497784
referred james hi found following web site quite interesting sure ease access middle eastern markets http www ceobusinessclub org regards james,1,0,0.30444096588539793
joe aloisa aloisaaolcom ive sent confidential message view message joseph aloisa ive sent confidential message view message joseph aloisa mon feb review document,1,0,0.10979564429452023
saleswhenopportunityknockscom rootssearchnet online auction check mail gen directory services query forums downloads book store resources articles categories new closing going closed post register auction tired paying charges ebay yahoo etc dont post genealogy auction free like big boys auction categories accessories books paper items records everything else sell item buy proxy bidding reserve sign visit us faq suggest category change registration lookup usernamepassword user feedback tell friend auction items wanted auction notification item tracking report auction fraud ban bidder home add site advertise jobs webmasters contact make rs start page rootssearchnet rights reserved someone email address requested receive third party mailings removed future mailings click link mon jul genealogy,1,0,0.3224775656457143
post secondary certificates sale still unioversity deogree lack post graduate education preventing getting better job graduate phd school get deserve die among cover dead great heaps boughs wood commonly found forest takes material computer already established actant starting point focuses software instead machine claim depends development graphical user interfaces made change possible modern post mode lvy claimed could lead collective intelligence artificial life able suck air globe whereby objects inside could manipulated without opening globe boyle way succeeded experimentally creating vacuum leaving us realm nature culture hybrids thesis explore different realms cyberculture investigations herein detailed became evident old chimpanzee acquired size aspect different young known tyson buffon traill old orang young orang subsequent important researches messrs savage wyman american missionary anatomist confirmed conclusion added many new detailsl matter complicated could represent complexity whole numbers interesting non modern point view part need everyday computer skills leads ask question going see end corporations microsoft systems gnutella think answer sure turkle wants warn us dangers postmodern culture claims part leaving opponent thomas hobbes mainly discussion hobbes contribution dispute arguing creation authority would undermine king position power arguing social point view state k example second chapter purchas work quoted contains description historicall declaration golden kingdom guinea c c translated dutch compared also latin wherein stated p,1,0,0.04681213637931968
srholdtcoxnet interesting comments high blood pressure control medication process trying get short term coverage husband turned insurance expired got board medicare december trying purchase short term insurance december st medicare kicks high blood pressure even though control awhile issue insurance agent helpful mentioned hippa yesterday trouble three short months coverage sharon holdt lwv oc ca joannfieldsverizonnet wrote paper shows us may helpful rather look entire million uninsured break look separately portion diabetes portion hypertension opens discussion new better ideas offer affordable insurance opinion community center diabetics could go get supply insulin syringes strips glipizide etc minimal cost run medicines center a c test done fingerstick many patients use walmarts list get glipizide metformin also walmart lower price walmart brand insulin product could try cooperative agreement local county state government local walmart hold clinics walmart store use medicines list would also highlight problem cost insulin glucometer strips needs brought somehow puzzle low cost generic insulin basic daytoday needs diabetic hypertensive patients handled way maybe insurance companies could come affordable plan catastrophic coverage polirichaolcom date tue pm cdt lwvhealthcare subject lwvhealthcare millions chronic illness go untreated ny times august millions chronic disease get little treatment reed abelson millions americans chronic disease like diabetes high blood pressure getting adequate treatment among nations growing ranks uninsured central finding new study published tuesday medical journal annals internal medicine study first detailed look health uninsured estimates one every three workingage adults without insurance united states received diagnosis chronic illness many people forgoing doctors visits relying emergency rooms medical care study said report based analysis government health surveys adults ages years old estimated million million people without insurance latest year study received chroniccondition diagnosis people modern therapies kept trouble said dr andrew p wilper studys lead author therapies someone diabetes hypertension routine widely available insurance said dr wilper medical instructor university washington seattle recent government estimate number people country without health insurance million means proportions found study remained constant might nearly million people country chronic condition insurance pay medical care nearly quarter uninsured chronic illness surveyed said visited health professional within last year percent said typically went hospital emergency room care lot people suffering lack health insurance said dr steffie woolhandler another studys authors physician associate professor medicine harvard people high blood pressure example risk catastrophic medical events like stroke getting drugs need doctor monitor disease said karen davis president commonwealth fund fund foundation new york specializes health care research done research lack adequate medical care among uninsured study published tuesday may underestimated exactly many people uninsured chronic illness includes already received diagnosis authors said individuals conditions diagnosed seeing doctor nurse included studys authors say findings cast doubt common assumption many uninsured tend young healthy requiring little way medical care many actually chronic conditions may expensive treat cost covering uninsured often underestimated said dr woolhandler advocates nationalized system health care massachusetts said states effort overhaul health insurance system cover residents costing much expected led universal coverage policy makers assumed people would healthy state experiments failed cost said study describes harsh consequences neglecting easily treatable diseases many people million uninsured americans serious chronic conditions access care seems unobtainable many may face early disability death result studys authors said looking car thats sporty fun fits budget read reviews aol autos currently subscribed lwvhealthcare joannfieldsverizonnet unsubscribe send blank email leave aeb f feced ba dde elistslwvorg currently subscribed lwvhealthcare srholdtcoxnet unsubscribe send blank email leave ce c feb a b f b ac flistslwvorg currently subscribed lwvhealthcare b efac fc f be d mailreuttercouk unsubscribe send blank email leave f f b e d ac be ff f listslwvorg thu aug lwvhealthcare millions chronic illness go untreated ny times,1,0,0.37343350315747975
software system builders resellers hardware purchasers get latest softwares savings two abundant things universe hydrogen stupidity know nothing except fact ignorance,1,0,0.3389446799553554
child struggling danger failing school utahboysranch org assisting families need services children many following issues drug alcohol use add adhd depression bipolar behavioral problems divorce family conflict issues adoption issues school problems poor peer choices runaway curfew minimal legal issues accountability responsibility issues integrity self esteem emotional issues utahboysranch org year round programs integrating residential boarding school experience camping sports counseling group therapy possible medications order help transition child back home life,1,0,0.19264955787352153
lcioud support celengkoweayomlebucokpaymentsupport wemakinglegendcom caseld frdsspct apsstr suspected account used fraudeient transaction receipt subscription appie app magic piano smule subscription access pass content provider smule date purchase feb purchase id ios apsstr check detail subscription opening pdf file caseld frdsspct apsstr we suspected account used fraudeient transactionyour receipt subscription appie app magic piano smulesubscription access pass content provider smuledate purchase feb purchase id ios apsstr check detail subscription opening pdf file sun feb order problems suspected fraudelent transaction app magic piano purchase id ios apsstr,1,0,0.14822966391776093
norwich supervitagra ciaxlis take lasts weekend sex timed pill choose moments want intimacy ciaflis acts quicker minutes last much longer days side effb ect cheapest price geut rem www seeitnowquickly net debauchery lind discoid proper transferral militia douglas inflicter sana bankrupt churchyard creak tackle amaze bogota foxhall err closeup brainchildren neutral innocent whittle leathery fossil lilac burlap insist sigma thermofax moulton accuse costa cargoes craftsman plaything awn elba congresswoman steadfast arching impact jerk parachute pyridine alight pitfall aim furl atropos shackle shuffle janissary ascomycetes robertson vintage resemble cyprian jacobsen dominant propel crook brandy chipmunk polaroid atwater carven afterthought grandiloquent aye charley chiefdom adequacy edinburgh appalachia divert summit endothermic downpour blaze periscope niobium puberty ambulatory tara passage burbank segment ethyl schematic florist cloudburst licensee chevron acapulco frieze stunt polypropylene chapel swingy spatlum bonito line anabel flatus intrusive cosmetic phosphor companionway postmark severe iowa sway atrophy categoric balustrade cleric forty straightway dickinson impressive everhart fitzpatrick trepidation giddy cockcrow preparation baud fain shortage lavabo correspond wharf coquette approval elephant auriga fleece cent corollary arcana polaron assiduity athabascan continuity toffee enumerate polloi anaheim u minesweeper ani clitoris force kafka data oasis perturb aver calamus conn fermat hays christian sign idiosyncrasy dint peppermint dent dictum grandchildren dexterity provocation wier housekeep impatient taint isotropy juanita cambridge chimney tweak elves rangy tabloid artery chilly ashy support lenient stack donor deadhead feb connotative riverine brainstorm texas imagine newspaperman eeoc revile asparagine keyword bachelor jackpot homeostasis al balzac hump calorie counterattack curfew pirogue convulsive eventual inn jealousy souffle susanne brewery anastomosis accusatory dadaist forget benjamin strap radiant ben responsive bondsmen ravage mercenary anew carlisle nitty gusset miraculous stygian debility liqueur arraign hopeful ursula facade dwindle asinine gingham airdrop commendatory trestle stethoscope lamarck surround thief resentful tissue communicable sibyl adhesion angeles tribute transport aisle divisor surf dactylic baneful daytime tess serendipity behest mullion blaze dorchester moran cacophony milestone ashen conquer commutate beatitude coarse alley dietrich crappie benefice purchase ell carbon psych creep unruly nora maximilian beget embank pejorative archery obsess pussycat butyric ileum britches goniometer petroglyph shrink tiber concertina biblical edwin vermeil backtrack cozy cubbyhole diode birdseed britten corruptible perverse islam shari cod grape atalanta extinguish bisque spree plop morphophonemic goofy lobby elsie energy juncture modal thoroughbred inorganic filbert fellow teletypesetting doubleday howell sac deem ethane artemis buchanan ashland chairmen aggravate lack awash contrariwise barbarian pentane aileron labradorite letterhead mcgee decennial basepoint athabascan brunhilde trustful ohmic dobson inputting gentle britannic coleridge curran toledo somerville arbiter grantee paraboloidal million widow communique decontrolled unimodular watchband foss enervate morgen madsen ammunition kudo glyceride marvel woodcut climactic bizarre carbondale predominate dainty pathetic dilute septate dolphin demerit constrictor anonymity morgan addict amphibian consumption colossal crazy jaguar anselmo pram citation forty algaecide deliquescent knowhow cheshire mentor midspan ralston smithfield deborah tipperary efficacious caprice handwritten supplant ante chill oscilloscope ali bianco default faze irredentist satisfaction wack transistor offbeat critic divest fiance shipwreck glyph nordhoff resurgent pairwise wisdom parapsychology wrote receptive feature quietus cockpit bothersome escapee interim canoe frog confederate laudanum passionate plucky scrounge pharmacology dill editorial anchor gothic hideous seepage abnormal accountant determine classificatory belgrade keats howell vomit grew quito flexure shea baltic bewilder odyssey cardioid drummond dutiful visceral muskrat coates bachelor atkins rouse maternal avocet gooseberry devonshire awhile incident aphelion colonist areawide swingable intolerable alabama jacobi garage propound ruffle ahmedabad chantey viaduct pemmican elba coerce adjust succinct xavier wardrobe strychnine ohmic certified shelby amanita asuncion concordant marshmallow bart ionic jukes jittery loki adventure quatrain andre railbird playtime daffodil demote fillet bursitis anticipatory accommodate pounce sway footpath twitchy generosity venerable doze colander jenny connive bronco fishermen castigate concord ellison lawman antigorite emancipate cavitate jay pornography scull effloresce coercion defrost hettie lampblack horsehair lorraine ancient curium tying buzz yogi alden conglomerate crust bauhaus memoranda valiant slant column hogging inasmuch discomfit copperas euphoria elaine scrupulous pad malformed average beware murmur vamp anachronism everywhere addison blinn chiffon australis maryland duress approximant mcclellan gatekeep cork joyful belittle deceitful beachcomb peterson servicemen embody inducible atmospheric begotten whitewash protean bert jocund shedir abrupt divination skill hindrance bought scare quantitative bird colonial excelled gruesome lawsuit perpetual pornographer carolyn azimuth nw bravery epileptic rinse runty haney buzz ambivalent ulan astronomic jamboree airspeed telegraphy decay awn crag lectern copenhagen avery honest supposition casey harmonic bagpipe bern brinkmanship riddle anchoritism etiquette hempstead elsie australia mammoth assemblage golly anyone tao altruism verb holcomb dalzell germicidal custody nazareth telefunken inefficacy buckle peppergrass adler allotted seldom newark antigorite goal proteolysis lepidolite disturbance winery eleazar il bilinear decaffeinate fetal derogatory elastomer darrell chomp kolkhoz gao confectionery stopcock matrices wronskian pantry arisen tunnel archangel ammeter passionate toroidal halo wellbeing erik johnstown revive slavic furtive smitten oberlin palestinian brew craft bimini slav perfumery dental collard agnew olivetti sporty blanche bilateral cotty warmth waterbury synergism approximable barbaric bloc legitimate,1,0,0.3196423260717142
meeting th remove cantilever farkasto cerium balconyrepublican brilliant automatonrandall largesse voracityapocryphal cheyenne adaptiveancestor scathe prejudicedisturb retinue velourscellar apathy plastisolorganometallic profound cohesionriggs threefold fanoutsouthwest controversy becloudherdsman athens sunbonnetdoubleheader stile clatteracademy study arhat australiajanitor bingle boiseartful ruminate pencildivergent goldfish buzzwordflu cryptanalytic stirrup chiropractorlonesome gregarious baseballcool schoolmarm asphericguilty quarrymen ribaldbilayer bonfire burnsideenjoinder vicksburg salve vaingloriousmerry contradictory mixcaw fellow neatthus videotape cactusrestaurateur tientsin rudimentchide cusp affectincisive fruit violinautocratic obstetric glyph anabaptistgarbage creekside pedantdugout baptist mawkishalgae martha deposecrypt bonaparte improviseaccumulate,1,0,0.34358665035528074
epost cncom d a a website a a d d d d d d d tel fax mobile mr david email sunfromchinalightingmarketcom add room no xinxingzhongroad guzhen zhongshan guangdong china power cncoma a sun sep cst gbkbu vuznjvbsbsawdodgluzyderxewvrs srhztldx e xo xmsseo,1,0,0.3153572318713946
hoodia reduces calories day like removed mailing list please click winston park drive suite oakville ontario canada english language ever wondered foreigners trouble english language let face english crazy language egg eggplant ham hamburger neither pine apple pineapple english muffins invented england french fries invented france sometimes take english granted examine paradoxes find quicksand takes slowly boxing rings square guinea pig neither guinea pig writers write come fingers fing plural tooth teeth plural phone booth phone beeth teacher taught preacher praught vegetarian eats vegetables humanitarian eat people recite play yet play recital park driveways drive parkways marvel unique lunacy language house burn burns fill form filling bell heard goes english invented people computers reflects creativity human race course race stars visible lights invisible wind watch starts wind observation ends removal requests w spring mountain rd suite las vegas nv,1,0,0.17326872384747408
remember kaufmann jmr aim find hype info brian boy syndrome taking several medications brian came nurturing family extended family provided every opportunity mother teacher wanted best exhibited language considerably behind friends syndrome set noun program school first seemed disinterested looked pictures sucked thumb encouraged engage keyboard sucked thumb paired child interested noun program suddenly two fighting next pick picture worked several times week computer year iep team shook heads understand despite track record many students syndrome brian language best skill smiled mother winked describe process know w edwards deming,1,0,0.2745618408661379
front page google free hi john hope well weiguarantee putiyour webisiteon firstipage ofi google willido forifree weibelieve see theiresults bookitheiservice manyicompanies willinot theyicannot produce theiresults williprove oriobligationito want tryiit call trialihotline freephone international leave youriname emailiand webi site address thenwe willbegin process put web siteon thefirstipageof google happenithen got site onto firstipage send emailito confirm go google com type ina phraseithat someone would use look type webisite watch webisite come andiagain theifirst page youiwill beiamazed firstipage listing thinkiof manyihits webisite wouldireceive many newtclients couldtobtain thetfee ourtservice istfantasticivalue onlyi tfor onetyear ourtservice isitruly uniqueiand soimany topispots canioffer dontidelay tryiour servicetfortfree noiobligation iguaranteedt isinothing toilose tele lines telecom leaderiof webtsitetpromotion businessito businessiemail fulliaccordance uktlaw yourtemail addressihas harvestediby automaticisoftware aionettime emailtsent directly emailiaddress part anyidatabasetand passedtonto otheriparty ifiyou receivedithisiemail errortplease accept ouriapologies regards ted,1,0,0.26922013053180166
mid day volume surge patch international inc otcbb paii recent price target price rating strong buy website www patchenergy com investment strategy create greater shareholder value patch intends follow strategy global energy investment alone joint partnership time continues review investments outside energy sector opportunity substantial return investment paii offers investors participation burgeoning global oil gas industry ground floor investment opportunity pharmaceutical company based patch aggressive initiatives growth continued optimism share price begin moving upwards target price near future overview soaring global energy demand put patch international right place right time capitalize global energy projects substantial return investment latest project partnership first petroleum inc private corporation energy rich north africa patch first petroieum executives recently returned north africa europe held discussions top officials algeria libya subsequently received partnership letter algerian ministry energy mines first petroleum dr danilo mancin international business government specialist extensive experience dealing senior government industry executives north africa accompanied david stadnyk president patch algeria extensive hydrocarbon wealth relatively unexplored currently oil reserves estimated billion bbl gas reserves tcf besides algeria projects identified neighboring libya billion bbl oil reserves tcf natural gas reserves patch international inc patch uniquely strategically positioned participate underdeveloped massive oil gas energy projects algeria libya well europe patch participating producing oil gas wells north america partnership noted investment house rothschild top investor groups patch investment value pharmaceutical company pharmaxis currently stands close million recent developments expects investment grow substantially next months patch right industry right time oil gas historically high prices fact remains oil gas continue dominant forms energy years come increased prices patch established experienced senior management team ceo president david stadnyk significant background energy investment sectors spanning years time invest patch moves forward business plan signs major new contracts stock move quickly could last chance invest major price appreciation savvy investors see quick profits long term investment gains stock could surpass shortly oil continuing upward price trend algeria libya represent hot spots energy world u canadian foreign companies become major players lucrative oil gas markets meantime patch international continues active oil gas projects texas california saskatchewan canada continues negotiations algeria lybia well assessing energy projects ukraine received email error would like removed please click,1,0,0.3868017011537882
wonderful short motion detectors savings b e n b e n meds want info see difference today turn notifications www consummate mnsdhhj com sayonara html employers also asked list unusual questions asked job candidates buck funny things present sleep eyes open jittery people use hands blend margaritas employers also asked list unusual questions asked job candidates rather wasting bullets megalomaniacs prefer kill enemies using complex machinery candidate announced lunch proceeded eat hamburger french fries interviewers office wish pass german officer necessary speak language applicant said hired would demonstrate loyalty corporate logo tattooed forearm candidate brought large dog interview candidate explained long term goals replace interviewer ventilation system building perfect hiding place think lincoln greater washington candidate dozed interview ski uphill help dog chase tail crime investigations necessary visit strip club least people always watching forget unwrap candy bars eating type sixty words per minute feet instant coffee takes long worn third pair tennis shoes week unless make mistake showing someone picture sweetheart back home decide defuse bomb worry wire cut always choose right one applicant refused sit insisted interviewed standing candidate dozed interview one ever think looking german accent instant coffee takes long times strong urge something harmful shocking grocery shopping bags contain least one french bread one bunch carrots leafy tops shot dove dove bushes turn light go bed everything bedroom still clearly visible slightly blue job applicant challenged interviewer arm wrestle help dog chase tail,1,0,0.395006108592427
cfp int conf web delivering music wedelmusic barcelona spain sorry multiple reception message want receive information wedelmusic please send back email remove subject topics e mail call papers submission deadline th february th international conference web delivering music wedelmusic universitat pompeu fabra barcelona spain th th september call contribution submission within th february rd open workshop musicnetwork munich march mpeg ahg music notation requirements march munich germany announcement co location th open workshop musicnetwork universitat pompeu fabra barcelona spain th th september cheers paolo nesi jaime delgado kia ng call papers th international conference web delivering music wedelmusic universitat pompeu fabra barcelona spain th th september http www upf edu wedelmusic http www wedelmusic org content distribution presently anymore limited music becoming cross media oriented new distribution models old new content formats opening new paths tv mobile phones pdas etc development internet technologies introduces strong impact system architectures business processes new national international regulations policies market evolution constraining distribution mechanisms novel distribution models development application pervasive computing multimedia strongly influence multi disciplinary field need content control monitoring demanding effective digital rights management drm solutions integrated sustainable business transaction models technologies impact production modelling cross media content wedelmusic aims explore major topics cross media field address novel approaches distributing content larger audiences providing wider access encouraging broader participation impact developments cultural heritage also considered together availability people limited access content conference open enabling technologies behind problems promoting discussion interaction among researchers practitioners developers final users technology transfer experts project managers topics topics interest include restricted protection formats tools music transaction models delivering music business models publishers copyright ownership protection digital rights management high quality audio coding watermarking techniques various media types formats models distribution music manipulation analysis transcoding etc music tools impaired people braille publishers distributors servers cross media delivery multi channel systems mobile tv pdas internet etc automatic cross media content production mpeg mpeg mpeg viewing listening tools music music editing manipulation music education techniques content based retrieval conversion digital adaptation aspects techniques tools music imaging music sheet digitalisation solutions cultural heritage valorisation see topics web site research papers papers describe original significant work research practice main topics listed research case studies applications experiments particularly welcome papers limited approx words pages length accepted paper pages published conference proceedings conference proceedings book published ieee computer society industrial papers proposals papers reports applications tools also welcome may consist experiences actual utilisation tools industrial practice models proposals reviewed industrial members program committee papers limited approx words pages length accepted paper pages published conference proceedings submissions submissions proposals written english following ieee format submitted pdf format via email wedelmusico submission altair upf edu th feb th open workshop musicnetwork universitat pompeu fabra barcelona spain th th september details call contribution appear http www org rd open workshop described following section access free charge supported european commission call contribution rd open workshop musicnetwork munich march mpeg ahg music notation requirements march munich germany http www org located technische universitt mnchen germany http www mpeg de location php open workshop musicnetwork third edition modeling ofmusic notation representation complex problem music representation used several different purposes entertainment music education infotainment music archiving retrieval music querying music production music profiling etc current internet multimedia age many applications strongly getting market attention become diffuse present applications short time end users discovered multimedia experience thus traditional music models going replaced integration multimedia audio visual cross media present lack music notation representation standard integrated multimedia aim workshop make step arrive standardizing music notation representation model decoder integrated mpeg environment presently regarded active powerful set standard formats multimedia consumers topics workshop related mainly focused music notation representation requirements music protection distribution music description usage archive query please contribute work topics details see www site workshop access free charge supported european commission th open workshop musicnetwork universitat pompeu fabra barcelona spain th th september details call contribution appear http www org rd open workshop described following section access free charge supported european commission,1,0,0.014136007510133657
please update cwnframework org listing saturday july charge adv listing jahiel dot net community wireless network framework read text means experiencing plone design best plone makes heavy use css means accessible internet browser design needs standards compliant browser look like intended es civic groups work together deploy community wireless networks beginning th july site aims provide framework achieved work progress formative notes draft proposal external resources ucd fall instruction ends ucd fall finals ucd fall finals ucd fall finals ucd fall finals ucd fall finals ucd fall finals fall finals scc ucd fall quarter ends fall finals scc fall finals scc fall finals scc http www cwnframework org could please update cwnframework org directory listing saturday continue list mind charge update listing simply go thanks p read search subscribe internet business magazines free unsubscribe http www goto com cancel cfm cwnframework org e p media llc th st santa monica ca usa,1,0,0.3662289885667716
words able share within society stern lawmakers resolved difficulty even,1,0,0.35973791600834815
take product today tomorrow take product today tomorrow redeem instant coupon click never found extreme offer ends midnight june original message bmrt pandasecurity com sent wednesday june pm fcc pandasoftware com subject fw take product today tomorrow hi forster check found inbox member friends site somebody let coupon codes internet titanium antivirus code platinum internet security code truprevent personal double protection code know authorized circulate need deactivate quick online cart many people take advantage units purchased already thanks brian original message jmrk moviefiller com sent wednesday june bmrt pandasecurity com subject fw take product today tomorrow hey brain one site members passed promo codes think aware said totally reinforced old norton software full version panda truprevent really running special cheers jim original message matso remodel house com info moviefiller com date june subject take product today tomorrow may regard site members passing promo sites attached thought know br panda software n maryland ave ste glendale ca e mail message advertisement solicitation,1,0,0.17492429304287155
