text,true_label,pred_label,phishing_prob
anstech consultants pqgbwaxtraconz interested using program particularly keen grandparents able see action add friends sign guests thank les anstis fri aug friends,0,1,0.41000900079353153
grlygrl aolcom took week get towering pine hemlock thu aug pdt surprised,0,1,0.7929984893860229
online tech tips aseem gmailcom online tech tips automatically log windows xp posted aug cdt logging windows every time restart pc quite annoying especially true several restarts required installing updates new software applications one way achieve use windows power toy tweak ui explained one previous posts also setup directly windows keep mind tip allow anyone startup pc login definitely want take account situation security workplace environment curious eyes concern probably want set use best judgement first click start go run type control userpasswords without quotes click ok user accounts dialog window come uncheck box next users must enter user name click ok right away automatically log dialog box pop want enter username password twice click ok restart username password screen bypassed boot directly desktop reminder take security situation account could enable upgrades computer require several restarts set password protection back going user accounts rechecking box written mysticgeek also contributing author howto geek related postshow windows vista works windows vista cool new features apis part restart manager apiautomatically log windows xpmore keyboard shortcuts windows logo key shortcutsdisable restart message windows automatic update messagehow restart windows safe modewindows live writer beta released many new featurestweak windows xp settings tweakuicopyright c online tech tips aseem kishore digitalfingerprint a a dce d e b fcakmk automatically log windows xp use mozilla firefox safer faster browsing posted aug cdt people dependent internet nowadays enjoy chatting paying bills online shopping right comfort homes also save lot personal information file computers need fully protected possible danger times download something unknowing could mess machine lot browsers choose really proven safe fast browser secured gives ultimate protection mozilla firefox protected safer faster computer get protected virus spywares worms forms malicious destructive programs free yes read right free heres download mozilla firefox first go mozillacom follow prompt click green button says download firefoxfree wait download box pops click run button wait download completed setup wizard window appear click next complete setup accept agreement click next button choose standard click install finally click finish asks want default browser may may choose enjoy surfing net without worries catching destructive programs look firefox icon desktop click ready new features browser parental control customized security settings password manager antiphishing automated update oneclick book marking instant website id lot wed aug computer tips computer guy,0,1,0.5693324579784165
footsmart qvmssoqguemailcampaignfootsmartcom email sent footsmart ensure delivery inbox bulk junk folders please add qvmssoqguemailcampaignfootsmartcom address book click view images lower back pain shop footsmart expertly selected products ease pain promote lower back health stamina inversion stretch station large cushiseat miracleback pillow gseat cushion footsmart leg wedge ea ergonomic back support system posture corrective brace shop womens shoes shop mens shoes shop clearance shop online find relief footsmart expert lower body healthcare sells comfort footwear healthcare products designed keep moving comfort receiving email previously purchased footsmart requested additional information us via footsmartcom please visit us footsmartcom information unsubscribe youd prefer contact footsmart via postal mail please send inquiries footsmart triangle parkway suite norcross ga click unsubscribe tue aug back pain relief home go,0,1,0.7986434396144121
game uniforms team game week let know going would assume everyone leave come back run books jersey done cost try bring cash wed shirts black red numbers everyone please try wear black shorts play like shit least look good bryan,0,1,0.4685986292286354
mickisch freda ebsnrgtrfmasseyacnz hi students need extra help college sciences offering give first year students hours free tutoring per semester postgrad students good subject particularly mathematics area would available interested tutoring per hour hours guaranteed please contact sian moran assistant academic programmes administrator college sciences quad level room qa albany telephone extn email eqkvbnmasseyacnz thank fri aug tutors wanted tutor st year students,0,1,0.42507354496211536
cost service announcement please see attachment,0,1,0.6305607683951228
fw sent friday november subject football scare texas football practice delayed morning nearly two hours one players way locker room happened look notice suspicious looking unknown powdery substance practice field head coach r c slocum immediately suspended practice fbi called investigate complete field analysis fbi determined thewhite substance unknown players actually goal line practice resumed fbi agents decided team likely encounter substance internet email confidentiality footer privileged confidential information may contained message addressee indicated message responsible delivery message person may copy deliver message anyone case destroy message kindly notify sender reply email please advise immediately employer consent internet email messages kind opinions conclusions information message relate official business firm shall understood neither given endorsed,0,1,0.6602025030120409
astrologycom greenscopes greenscopesrpastrologycom daily greenscope difficulties reading email also check daily greenscope clicking please add greenscopesrpastrologycom address book ensure newsletters delivered correctly horoscopes love psychic readings predictions numerology chinese tarot astrology readings dear gordon daily scorpio greenscope friday august small generous gesture part create positive lifechanging snowball effect life stranger whens last time paid person behind drive thru picked tab another restaurant patron never try express gratitude excellent service kind word management generous tip excellent way stir good karma free reading day daily divinations numerology calendar digitize life help free sample numerology calendar overview singles love cosmic calendar quickie chinese lesbianscope teen babyscope dogscope home garden extended couples love work astroslam feng shui tip gayscope flirt beautyscope catscope espa ol tarot card day video feed room copyright lo scarabeo srl tarot journey orient two chalices two chalices card suggests power today lies compromise alone offer accept love support happiness connect pleasure beauty hearts desire two sides everything dont always right empowered expression gift attraction blabber sienna miller blows top bat signal lights gothams night family drama smacks brooke hogan free sample green readings world peace reading environmental affinity reading medicine wheel reading mayaaztec reading explore astrologycom free sample readings personalized readings celebrity astrology astrology lessons sun sign central psychic advertisement sponsored links yahoo click wish edit current information sign exciting newsletters click unsubscribe daily greenscope need email us please include following lines reply email recipient gvcormacgvcceaschallengecc annmn grg grg nr f y grg mub aubft thu aug astrologycom greenscopes,0,1,0.4074561805777643
fw ever tired really cute moms think bonnie hitschel ever tired jpg,0,1,0.5714135465401452
anthrax scare dc house speaker hastert decided close entire capitol complex including office buildings house side end working day today monday precautionary move allow special agents germ experts conduct sweep ventilation systems remaining unopened mail senate side expected also confirmed anthrax laden letter sent senate majority leader daschle office particularly potent high grade military quality anthrax quickly spread opened staff dachle office mail room tested positive anthrax spores found ventilation system hart building daschle office located one tunnels leading capitol even hint military grade anthrax came iraq strike u iraq another possibility anthrax russian origin somehow illicitly acquired al qaeda taliban second anthrax letter new outbreak anthrax evidence anthrax spores spreading committee rooms located senate house buildings pre cautionary move house speaker hastert though way diminishes ugly situation,0,1,0.5085497587026647
alban taraire euzpuwulrsyjnetk com hi heard google sponsoring codeweavers photoshop support really great news send congratulations codeweavers team ive waiting photoshop support renew cxo linux subscription guess start saving next release keep good work cheers codeweavers google booh adobe lets companies pay support software incredible really alban discuss mailing list vncmzklcrossovercodeweaverscom removed list visiting web page checking subscriptions tab account codeweavers thu aug cwdiscuss codeweavers google photoshop,0,1,0.4285315574312151
jason holbrook hnewsrijkempoweriscom good starting place find information write good rules best regards jason holbrook chief technology integrator partner empower information systems hnewsrijkempoweriscom weblogempoweriscom skype holbrookjason gtalk jaholbrook direct office cell toll free message sent behalf empower information systems intended exclusively individual entity addressed communication may contain information proprietary privileged confidential otherwise legally exempt disclosure named addressee authorized read print retain copy disseminate message part received message error please notify sender jason holbrook immediately email hnewsrijkempoweriscom delete copies message empower information systems operates zero spam policy believe message spam please contact gqsghempoweriscom tue aug sa custom rules,0,1,0.4568929086360759
update ausschreibung professur allgemeine sprachwissenschaft hinweise zur bewerbung auf eine c professur fuer allgemeine sprachwissenschaft der universitaet heidelberg die ausschreibung ist erschienen ausschreibungsdienst des deutschen hochschulverbandes ausgabe vom januar rheinallee d bonn telefon fax einsendeschluss fuer bewerbungen ist der februar hier ein paar hinweise zur bewerbung auf eine c professur deutschland die bewerbung muss enthalten ein anschreiben den dekan der neuphilologischen fakultdt der universitaet heidelberg hauptstrasse d heidelberg dass man sich um die stelle bewirbt ein tabellarischer lebenslauf enthaltend schulische und universitaere ausbildung berufliche laufbahn sprachkenntnisse evtl auszeichnungen und wichtige private verhaeltnisse wir heirat kinder eine liste der veroeffentlichungen eine liste der gehaltenen lehrveranstaltungen man kann beliebiges hinzufuegen wenn es fuer eine gute praesentation geeignet erscheint auch die aeussere form ist nicht direkt geregelt offprints der schriften braucht man noch nicht einzusenden man wird dazu eingeladen wenn man die engere auswahl kommt noch ein hinweis zu qualifikation deutschland ist fuer diese stelle die habilitation eine voraussetzung ein spezieller akademischer grad zusaetzlich zur promotion von auslaendern werden gleichwertige qualifikationen erwartet h der regel dass man schon professor sein muss wenn man sich um diese stelle bewirbt,0,1,0.8805308896952669
fw energy central conference watch fyi original message conferences mail energycentral com enron behalf conferences mail energycentral com sent friday february pm lbrenna enron com subject energy central conference watch energy central conference watch covering trade shows conferences seminars power industry week ending february online registration available look events labeled online registration available register instantly special offer means special discounted price energy central members links provided selected events update free supplement energy central daily electric power news service delivered friday includes new listings upcoming events featured listings receive service html format go may redistribute message others via e mail print intranet methods long entire message kept intact information daily energy central electric power news service send message newstrial energycentral com type x brackets send message back conferences mail energycentral com energy central maintains comprehensive database upcoming conferences seminars trade shows related electric power industry access database may request information listing message simply typing x brackets next listing sending message back conferences mail energycentral com information requesting information un subscribing energy central news service see end message request information energy central daily news service conference annoucements achieving profitability operational safety competitive marketplace executive conference safety fossil power plants join senior executives plant managers major power generators discuss operational safety corporate culture core competency march baltimore convention center remember first place successful safety happens executive office last place safety happens frontline register http www electricpowerexpo com safetyconference html call ceraweek shooting rapids strategies risks energy future th annual event premier international gathering offering senior energy executives new ideas insights strategic thinking well unique opportunities discussion major issues facing global energy future information go http www cera com ceraweek contact sales energycentral com information featuring event space conference seminar trade show listing reach electric power professionals next week featured listings ceraweek cera th annual executive conference houston tx usa request information listing http www cera com ceraweek ercot region houston tx usa request information listing http www ftenergyusa com conferences power outages harbinger things come washington dc united states request information listing http www srinstitute com crl online registration available http www energycentral com go event cfm id register online ec forum orlando fl usa request information listing http www gxs ec com forecasting amr palm springs ca usa request information listing http www marcusevanstx com ge texas deregulation event austin tx usa request information listing http www gegxs com tasmania energy briefing hobart tasmania request information listing http www ibcoz com au tasenergy rd annual electric asset valuation san antonio tx usa request information listing http www cbinet com electric distribution reliability houston tx usa request information listing http www cbinet com gom operational risk management houston tx usa request information listing http www marcusevanstx com gasfair power toronto canada request information listing http www enerdata com achieving profitability operational safety competitive marketplace executive conference safety fossil power plants baltimore md u request information listing electric power baltimore md usa request information listing http www electricpowerexpo com e procom utility energy e business baltimore md usa request information listing http www e procomseries com fuelcell investor boston usa request information listing http www srinstitute com crl online registration available http www energycentral com go event cfm id register online th annual distributed generation site power new orleans la usa request information listing http www dist gen com brazil energy miami fl usa request information listing http www cbinet com clean air act compliance washington dc usa request information listing http www cbinet com customer management energy industry new orleans la usa request information listing http www srinstitute com crl online registration available http www energycentral com go event cfm id register online globalcon energy management facilities conference atlantic city nj usa request information listing http www aeecenter org online registration available special offer http www energycentral com go event cfm id register online th annual global power markets conference new orleans la usa request information listing http www platts com north american gas strategies conference houston tx usa request information listing p metering americas miami fl usa request information listing http www metering com events online registration available special offer http www energycentral com go event cfm id register online west coast energy management congress san diego ca usa request information listing http www aeecenter org online registration available special offer http www energycentral com go event cfm id register online gasmart power tampa fl usa request information listing http www gasmart com gtua conference banff ab canada request information listing http www gtua com th annual cis conference albuquerque nm usa request information listing http www cisconference org niche markets stationary fuel cells seattle wa usa request information listing http www srinstitute com online registration available http www energycentral com go event cfm id register online e procom oil gas energy houston tx usa request information listing http www e procomseries com integrated energy efficiency cleveland oh usa request information listing http www aeecenter org online registration available special offer http www energycentral com go event cfm id register online world energy engineering congress atlanta ga usa request information listing http www aeecenter org online registration available special offer http www energycentral com go event cfm id register online business energy solutions orlando fl usa request information listing http www aeecenter org online registration available special offer http www energycentral com go event cfm id register online new listings southern european water summit rome italy request information listing fuelcell investor boston usa request information listing http www srinstitute com crl online registration available http www energycentral com go event cfm id register online north american gas strategies conference houston tx usa request information listing p ancillary services denver co usa request information listing epri generatorcare course vendor fair parsons generator user group meeting sydney ns australia request information listing gasmart power tampa fl usa request information listing http www gasmart com niche markets stationary fuel cells seattle wa usa request information listing http www srinstitute com online registration available http www energycentral com go event cfm id register online th annual conference advanced workshop regulation competition tamiment pa usa request information listing th annual western conference advanced workshop regulation competition san diego ca usa request information listing fifth biomass conference americas orlando fl usa request information listing upcoming events next two weeks ceraweek cera th annual executive conference houston tx usa request information listing http www cera com ceraweek power crisis west san diego ca usa request information listing ercot region houston tx usa request information listing http www ftenergyusa com conferences introduction natural gas industry houston tx usa request information listing power outages harbinger things come washington dc united states request information listing http www srinstitute com crl online registration available http www energycentral com go event cfm id register online passive solar energy design austin tx usa request information listing fundamentals energy options houston tx usa request information listing fundamentals energy electricity futures options derivatives nashua nh usa request information listing wa power gas perth western australia request information listing energy risk management houston tx usa request information listing gas electricity arbitrage maximize profitability electric generation assets nashua nh usa request information listing ec forum orlando fl usa request information listing http www gxs ec com cogeneration technology las vegas nv usa request information listing regional world renewable energy congress th arab conference solar energy sharjah united arab emirates request information listing forecasting amr palm springs ca usa request information listing http www marcusevanstx com th industrial energy efficiency symposium exposition washington dc usa request information listing investing iran london uk request information listing internet billing week las vegas nv usa request information listing german energy sector berlin germany request information listing micropower capitalizing distributed energy resource strategies competitive reliable power san francisco ca usa request information listing annual world conference new orleans la usa request information listing congestion pricing forecasting washington dc usa request information listing engineering planning aging infrastructure conference denver co usa request information listing developing plant trainer program new orleans la usa request information listing nigeria oil gas summit london united kingdom request information listing ge texas deregulation event austin tx usa request information listing http www gegxs com tasmania energy briefing hobart tasmania request information listing http www ibcoz com au tasenergy rd annual electric asset valuation san antonio tx usa request information listing http www cbinet com skills update certified energy managers anaheim ca usa request information listing forward prices power energy markets seminar chicago il usa request information listing executive public policy institute washington dc usa request information listing international financial conference london uk request information listing shared services week atlanta ga usa request information listing th annual utility coal conference st louis mo usa request information listing energy management competitive advantage osaka japan request information listing electric distribution reliability houston tx usa request information listing http www cbinet com resnet cocoa fl usa request information listing e com go nd gulf e business conference gas oil industry dubai united arab emirates request information listing power quality problems industrial environments houston tx usa request information listing natural gas power generation economics technologies financing houston tx usa request information listing merchant plant development institute houston tx usa request information listing mediterranean gas power summitt athens uk request information listing energy derivatives pricing risk management course workshop houston tx usa request information listing financing power projects usa new york ny usa request information listing power gen india central asia new delhi india request information listing th annual western electrical exposition conference anaheim ca usa request information listing online energy trading amsterdam netherlands request information listing electric west conference program anaheim ca usa request information listing retail pricing competitive power markets santa monica ca usa request information listing energy poverty reduction cleaner fossil fuel systems latin america caribbean rio de janeiro brazil request information listing weather derivatives course workshop houston tx usa request information listing fundamentals power quality atlanta ga usa request information listing fundamentals energy management new york ny usa request information listing fundamentals indoor air quality boston usa request information listing gom operational risk management houston tx usa request information listing http www marcusevanstx com th int l technical conference coal utilization fuel systems clearwater fl usa request information listing market price volatility houston tx usa request information listing energy derivatives pricing risk management course workshop london uk request information listing fundamentals energy options tulsa ok usa request information listing hydrogen common thread th annual u hydrogen meeting national hydrogen association washington dc u request information listing gasfair power toronto canada request information listing http www enerdata com energy risk management tulsa ok usa request information listing weather derivatives course workshop london uk request information listing hvac r fundamentals heating ventilating air conditioning refrigeration systems austin tx usa request information listing maintenance planning scheduling new orleans la usa request information listing ecog e business e p examining inside outside firewall solutions independents conference houston tx usa request information listing search energy central events database go http www energycentral com sections events directions information copyright notice supplement energy central daily news service provided free qualified professionals electric power industry visit http www energycentral com sections services start stop change format e mail subscriptions begin receiving daily news service directly send message subject signup service energycentral com stop receiving supplement daily news service send message remove energycentral com call member services supplement energy central daily news service may redistributed provided kept entirety retrieve full text items e mail system use mail program reply text message reply available try redirect forward resend none features available copy message paste text new message item would like delivered type x brackets associated item example x important change delete text line send request conferences mail energycentral com used reply feature mail program address already filled copyright c cybertech inc energy central r registered trademark cybertech incorporated end message,0,1,0.46174921253070356
thosstewaolcom message dated pm ejwcseucscedu writes pastry generic scalable efficient substrate peertopeer applications pastry nodes form decentralized selforganizing faulttolerant overlay network within internet made lard butter vegetable shortenings wed jul edt simpastry,0,1,0.4571914026162312
request payroll reclassification following payroll reclassification request submitted approval click link view document,0,1,0.58767801696002
j jerry nahou psolp,0,1,0.4369183924043208
opgdxdjpaypalcom opgdxdjpaypalcom dear tony meyer email confirms paid animotocom usd using paypal exchange rate purchase nzd usd credit card transaction appear bill paypal animoto com payment details transaction id mg d j item price usd total usd order description animoto allaccess pass one year buyer tony meyer may take moments transaction appear recent activity list account overview business information business animotocom contact email adminanimotocom unconfirmed address tony meyer apsley rise henderson heights waitakere auckland new zealand questions shipping tracking purchased item service please contact animotocom adminanimotocom thank using paypal paypal team monthly account statement available anytime log account correct errors please contact us help center reply email mailbox monitored receive response assistance log paypal account click help link located top right corner paypal page paypal email id pp thu aug receipt payment animotocom,0,1,0.4793013430505024
itunes store ry xib njosrapplecom apple tax invoice billed user gvcceaschallengecc tony meyer apsley rise waitakere order number m vwls l receipt date order total billed visa item number description unit price q piece q love song q serious weight loss q weight loss hypnosis relax way thin payment card total order total please retain records please see terms conditions pertaining order apple pty ltd find itunes store terms sale sales policies launching itunes application clicking answers frequently asked questions regarding itunes store found account information purchase history apple respects privacy information regarding personal information viewed copyright x c apple pty ltd rights reserved thu aug receipt,0,1,0.4535135880657496
tom tomwhoreslacknet damn federalists another bumsrush oregons states rights year translplant say best thing bring back plans make state jefferson oregon washington jefferson break away union san francisco california cnn us justice department filed appeal monday overturn federal judges ruling upheld oregons doctorassisted suicide law spokesman oregon attorney general hardy myers said state views appeal story different day oregon voters approved doctorassisted suicide twice ballot initiatives november us attorney general john ashcroft warned oregon doctors would prosecuted federal law prescribed lethal doses drugs dying patients mon sep edt come da feds,0,1,0.4336400694480486
words snow short remark german loipe loan word norwegian l ype comes old norse hleypa make something run cause run cf bokmaalsordboka ruth vatvedt fjeld,0,1,0.4498706266382693
sem tocharian blockseminar g pinault professeur l universiti de clermont ferrand directeur l iphi ive einf hrung tocharisch fu berlin sept http titus unifrankfurt de curric colloq htm berlin,0,1,0.6019305618308551
sat n wjequdxgelnqozmgmailcom per google patents idea putting computer shipping container every time move servers computers pay google money wonder stock similarly someone living trailer home buys server pay google money tue aug fork google evil,0,1,0.4568226089796916
vcom software cknsnewsvcomcom want read html version message please click mypdf maker instant easy pdf creation bonus software special edition mylabel designer value mypdf maker powerful simple affordable pdf creation save create industrystandard pdf files oneclick draganddrop conversion combine different files one pdf password encryption instead get mypdf maker promo code easypdf would like able send important documents knowing read computer perfect formatting able create documents seconds single click mypdf maker gives pdf basics single compact affordable package features comparable products price easy use integrates favorite microsoft office applications gives power pdf creation file types full control document security product class allows quickly combine multiple files one pdf document extract individual pdf pages learn mypdf maker sincerely avanquest software vcom registered trademark avanquest software subsidiaries email sent avanquest publishing usa subscribed newsletter given permission one sites brands marketed avanquest software subsidiaries email sent user gvcceaschallengecc would like unsubscribe emails please click avanquest publishing usa inc subsidiary avanquest software sa el camino real pmb menlo park ca avanquest avanquest logo bvrp software bvrp software logo vcom vcom logo mysoftware mysoftware logo bluesquad bluesquad logo blitzbox blitzbox logo registered trademarks exclusive property avanquest software sa subsidiaries wed aug mypdf maker create pdf files application,0,1,0.7093079852602814
mino xjvoqdhgmailcom hello still waiting answseris ok buy script implement inside openads part code call banners thank mino fri aug still waiting,0,1,0.6070559819815459
threadless newsletter cplitdgncethreadlesscom email best viewed web browser click link see sent email jmthreadlessjmasonorg longer wish hear us click link instantly unsubscribe thanks threadless newsletter thu aug monster news announcing thriftees bestees new tees,0,1,0.5170701233637566
conference italian german legal language convegno tagung linguistica giuridica italiana e tedesca obiettivi approcci risultati rechtslinguistik des deutschen und italienischen ziele methoden ergebnisse bolzano ottobre bozen oktober centro pastorale piazza duomo pastoralzentrum domplatz organizzazione veranstalter europea di bolzano europaeische akademie bozen area scientifica lingua e diritto bereich sprache und recht con la collaborazione di zusammenarbeit mit provincia autonoma di bolzano alto adige autonome provinz bozen suedtirol comune di bolzano gemeinde bozen comitato scientifico wissenschaftliches komitee bernhard eccher universitaet innsbruck giovanni b flores arcais mpi fuer psycholinguistik nijmegen universita di padova alberto mioni universita di padova oskar putzer europaeische akademie bozen universitaet innsbruck l area scientifica lingua e diritto dell accademia europea di bolzano che da alcuni anni si occupa di linguaggio giuridico italiano e tedesco ottica terminologica contrastiva e didattica organizza bolzano nei giorni e ottobre un convegno di linguistica giuridica rivolto quanti linguisti giuristi terminologi traduttori docenti di lingue si occupano di linguaggio e di testi giuridici sia livello teorico che pratico il tempo previsto per le relazioni e di minuti cui seguiranno minuti di discussione der bereich sprache und recht der europaeischen akademie bozen der sich seit einigen jahren mit der analyse der deutschen und italienischen rechtssprache unter terminologischen kontrastiven und fachsprachendidaktischen gesichtspunkten befat veranstaltet vom oktober eine tagung zur deutschen und italienischen rechtslinguistik die tagung wendet sich jene linguisten fachsprachendozenten uebersetzungswissenschaftler terminologen juristen die sich aus verschiedenen blickwinckeln theoretisch oder anwendungsorientiert mit rechtssprache und rechtstexten beschftigen fuer jeden vortrag sind minuten und fuer die anschliessende diskussion minuten vorgesehen programma provvisorio vorlaeufiges programm aggiornato al letzte aenderung giovedi ottobre donnerstag oktober mattina vormittag iscrizione anmeldung oskar putzer bolzano innsbruck apertura dei lavori begruessung reiner arntz hildesheim sprache und recht eine chance fuer interdisziplinaritaet sezione sektion giovanni rovere heidelberg aspetti grammaticali testi giuridici eva wiesmann forli italienische und deutsche fachsprachliche umschreibung des passivs pausa pause piero fiorelli firenze leggi bilingui nella toscana della reggenza federigo bambi firenze andrea lancia volgarizzatore di statuti sezione sektion ii amedeo g conte pavia pragmatica del linguaggio deontico andrea belvedere pavia semantica e pragmatica nell art preleggi pausa pause paolo di lucia milano camerino la funzione thetica di sollen francesco palermo bolzano insieme per forza lingua e diritto un aporia epistemologica pomeriggio nachmittag sezione sektion jane nystedt stoccolma l italiano nei documenti della cee le sequenze di parole luana peotta duisburg l analisi contrastiva del testo specialistico teoria metodo e risultati di ricerca pausa pause ulrich daum muenchen frauen und maenner der rechtssprache raffaella amiconi muenchen forme linguistiche al femminile nella prosa giuridicoamministrativa italia sezione sektion ii paola mariani luigi parenti firenze gli archivi lessicali della lingua giuridica italiana considerazioni e prospettive felix mayer bolzano die rechts und verwaltungssprache suedtirol pausa pause agnieszka stepnikowska warszawa fragen der zweisprachigen juristischen lexikographie johann gamper bolzano aufbereitung eines zweisprachigen textkorpus fuer terminologie extraktion venerdi ottobre freitag oktober mattina vormittag michele cortelazzo padova tipologie testuali e caratteristiche stilistiche dei metatesti giuridici italiani sezione sektion ingo warnke kassel juristischer diskurs und etablierung von kultursprachen reinhard schmidt firenze der grenzlinie zwischen juristischer fachsprache und sozialwissenschaftlichem diskurs die sprache der deutschen bzw italienischen rechtswissenschaft pausa pause daniela veronesi bolzano la metafora negli articoli scientifici giuridici markus nussbaumer zuerich textlinguistik fuer die gesetzgebung sezione sektion ii emanuela piemontese roma la comprensibilita delle leggi italiane alcune osservazioni quantitative e qualitative piero mercatali firenze applicazione di metodi e strumenti informatici per l analisi della comprensibilita del testo della costituzione pausa pause carlo biagioli firenze strutturazione funzionale delle leggi per la progettazione di strumenti informatici sostegno del drafting legislativo jens woelk bozen deutsche rechtssprache suedtirol irrwege und auswege aus der sicht eines deutschen juristen pomeriggio nachmittag sezione sektion isolde burr koeln mehrsprachige gesetzgebung und auslegung auf nationaler ebene die rolle des italienischen der schweizerischen gesetzgestaltung und urteilen des schweizerischen bundesgericht andreas loetscher basel legaldefinitionen textlinguistische probleme ihres gebrauchs im spannungsfeld von praezision einfachheit und verstaendlichkeit pausa pause werner aufschnaiter bolzano die gesetzes und amtssprache suedtirol nicht nur ein problem der uebersetzung stefano giuliani innsbruck la traduzione giuridica tra difficolta e strumenti di ausilio sezione sektion ii massimo vedovelli mauro barni vittorio fineschi siena pavia usi linguistici ambito giudiziario strutture lessicali e testuali della perizia scritta e nella testimonianza processuale franca orletti roma intercettazioni telefoniche teoria della trascrizione cena sociale gemeinsames abendessen sabato ottobre samstag oktober mattina vormittag sezione sektion lorenza rega trieste aspetti e problemi della traduzione delle formule di rito nell ambito giuridico marella magris trieste nominali incapsulatori nel diritto contributo alla competenza testuale e lessicale del traduttore stefania coluccia bolzano problemi di traduzione nei testi legislativi pausa pause christin coleselli bolzano ueber die verwendung einiger begriffe und deren aequivalente ausgewaehlte beispiele aus der uebersetzerpraxis cristina fraenkel bolzano la traduzione giuridica nell ottica del traduttore monika ueberbacher bolzano aspetti e difficolta legati interpretazione sezione sektion ii gabriella dondolini scholl erlangen progetti vocallit e fachsprache jura per il linguaggio giuridico presso lo sprachenzentrum dell universita di erlangen norimberga susanne muehlhaus kingston lernerbeduerfnisse englischer studenten der deutschen rechtssprache stefania semplici siena una proposta per l insegnamento del linguaggio del diritto pausa pause stefania cavagnoli bolzano valutazione di materiali didattici lukas wertenschlag fribourg deutsch fuer juristen und juristinnen der zweisprachigen universitaet freiburg fribourg schweiz seduta plenaria plenarsitzung conclusione dei lavori schlussbemerkungen iscrizione anmeldung la partecipazione al convegno e aperta tutti gli interessati per l iscrizione si prega di compilare il modulo iscrizione disponibile sul sito internet del convegno http www eurac edu linjus index htm e di inviarlo indirizzo del convegno l organizzazione del convegno offre un servizio di prenotazione albergo fino al per ulteriori informazioni sulle possibilita di soggiorno bolzano si prega di consultare il sito internet http www provinz bz stw tourismus hotel htm die teilnahme der tagung ist fur alle interessenten offen fur die anmeldung ersuchen wir sie das anmeldeformular auf der internetseite der tagung http www eurac edu linjus index de htm auszufallen und die tagungsadresse zuruckzusenden die tagungsorganisation bietet bis zum juli einen zimmerreservierungsservice weitere infos bezuglich ubernachtungsmoglichkeiten bozen konnen der folgenden internet adresse abgerufen werden http www provinz bz stw tourismus hotel htm indirizzo tagungsadresse convegno linguistica giuridica area scientifica lingua e diritto via weggenstein bolzano europaeische akademie bozen tagung rechtslinguistik bereich sprache und recht weggensteinstr bozen fax tel daniela veronesi email linjus eurac edu,0,1,0.8668924238769795
contact details dear mr kaminski good talking would like thank interest riskcare willow discussed contact feb arrange meeting meantime please hesitate contact questions regards manuel manuel rensink riskcare limited piercy house copthall avenue london ec r nj tel email mrensink riskcare com http www riskcare com,0,1,0.45310123713220674
evil gerald infoevilgeraldcom multipart message mime format nextpart c d a ed contenttype textplain charsetiso contenttransferencoding quotedprintable actresses one annoying accent dont love football course breaking news section friendly neighbourhood evil gerald evil gerald nextpart c d a ed contenttype texthtml charsetiso contenttransferencoding quotedprintable actresses one annoying accent dont love football course breaking news section of friendly neighbourhood evil gerald evil gerald nextpart c d a ed thu jul breaking news evil gerald,0,1,0.7606511922442848
fw fwd two prayer requests please respond original message dennis dossey mailto top treatyoakpress com sent thursday march sherry casella ram tackett karen boundary nextpart coad f f x mailer microsoft outlook cws build x mimeole produced microsoft mimeole v dear christian friends greetings name lord jesus two urgent prayer requests dear friend brother david gatewood son late otis gatewood recently diagnosed pancreas cancer david wife sandy two first people introduced dragica christ church thirty years ago came croatia yugoslavia time missionaries another couple bud beverly pickl order get resident visas enrolled croatian language study program professor time became good close friends david sandy connected lord work croatia years leaving croatia adopted little croatian girl raised much love married woman lives colorado springs david sandy made several trips croatia war david taught seminars post war traumatic experiences value family prayers greatly appreciated many croatia love david dearly also please put mladen prayer list several months prostate problems ten days ago doctor requested biopsy anxiously waiting get results coming monday dragica believe god listens hears prayers people please join church croatia prayers love mercy malden dragica jovanovic,0,1,0.4711102825884082
summer school history linguistics swiss linguistics society organizes summer school topic historical epistemology linguistics september st september th sion switzerland summer school consists two parts days workshops days conference informations please contact prof alain berrendonner alain berrendonner unifr ch find french presentation school program ecole ete epistemologie historique de la linguistique sion septembre nous avons le plaisir de vous annoncer que la e ecole ete de la societe suisse de linguistique ssl organisee en collaboration avec l institut kurt bosch se tiendra du er au septembre bramois pres de sion vs buts le theme retenu epistemologie historique de la linguistique tient une part au fait que la ssl fete cette annee ses ans existence il nous semble particuliarement opportun l occasion de ce jubile de jeter un regard retrospectif sur l histoire de notre discipline autre part l objectif des ecoles ete de la ssl est apporter un complement de formation aux etudiants doctorands et jeunes chercheurs en diffusant desinformations qui relevent de domaines de specialite peu ou pas representes dans les universites suisses l enseignement de l histoire et de l epistemologie de la linguistique est loin tre assur partout de faon systematique il nous est donc apparu qu en choisissant ce theme nous contribuions combler utilement une lacune institutionnelle le de l ecole est non seulement de fournir aux participants des connaissances sur le passe de la linguistique theories doctrines methodes mais aussi de favoriser l exchange experiences entre chercheurs la reflexion sur les modes de construction des objets de science et la mise en perspective des pratiques cognitives public vise l ecole ete est destinee principalement aux doctorands et jeunes chercheurs des universiters suisses travaillant dans le domaine des sciences du langage elle peut egalement interesser des specialistes en epistemologie histoire des sciences philosophie des sciences histoire des idees organisation la premiere partie du programme comprend cinq demijournees consacrees chacune un cours suivi de discussion et ou de travaux diriges la seconde partie prendra la forme un colloque au cours duquel divers sp e cialistes pr e senteront leurs resultats les plus recents et illustreront leur methodologie sur des faits precis la participation la totalite du programme est de rigueur programme lundi er septembre matin konrad koerner toronto sprachwissenschaftsgeschichte sinn zweck und methode apres midi claudine normand paris x le positivisme en linguistique mardi septembre matin baratin f desbordes la pensee medievale et antique apres midi j c chevalier grammaire scolaire vs grammaire gensra le du xviie au xixe sicle mercredi septembre matin b schliebenlange tubingen kontinuitten und broche sprachwissenschaftlichen diskursen apres midi jubile de la ssl regards sur ans de linguistique en suisse conference de bouquet l histoire editoriale des textes de linguistique generale de f de saussure jeudi septembre vendredi septembre colloque h h skilian zagreb la pensee linguistique grecque avant socrate h h r h robins londres les grammairiens byzantins h h pause h h r amacker geneve sur les formes de l argumentation chez les grammairiens latins h repas h h pombo lisbonne la th e orie leibnizienne de la pensee aveugle en tant que perspective sur quelques apories linguistiques de la modernite h h j breuillard lyon iii etre linguiste en russie au xviiie siecle la decouverte de la diversite des langues h h pause h h j trabant berlin mithridates de conrad gesner adelung vater h h l formigari rome epistemologie de la linguistique chez steinthal vendredi septembre h h p swiggers louvain gillieron structuraliste ou antistructuraliste h h fryba berne philologie und sprachwissenschaft der schweiz anfang des jahrhunderts h h pause h h j fehr zurich semiologie im spannungsfeld von sprache und schrift h repas h h gambarara univ di calabria l ouverture historique de l espace de la linguistique h h g bergougnioux orl e ans la langue et le cerveau genese de l aphasie h h pause h h k wippichhorackova prague sprachlehrwerke als spiegel der sprachwissenschaft inscription le nombre de participants est limite les frais inscription couvrant l hebergement et les repas se montent sfr grce une subvention de l academie suisse des sciences humaines les frais inscription une dizaine de participants etudiants peuvent tre pris en charge par le budget de la ssl la demande doit en otre faite au moment de l inscription pour inscrire contacter au plus vite societe suisse de linguistique ecole ete prof berrendonner criblet fribourg email alain berrendonner unifr ch,0,1,0.48403510795896476
pace university evppaceedu messages quarantined potential junk virusinfected messages sent inbox deliver message inbox click deliver link view message message center click subject link junk messages aeohpwqmixmailcom normal sexual life pm qhgdkmbwgrr gdkciticom important note security fri feb pm zzsqnbrrfxkhpsswzzsqmashtimalonecom increase semen volume improve health pm eivgdvec albertdockcom tell girls new asset pm jrzdujhv unopsorg boost performance erectpack pm lxxwwyuzaaronreesecom systran translation sofware xpvisa retail save pm zmksauiatomiccom five niggers brtitney pm fagbphzqprhfmhcwfnewadventorg sexual performance aid pm xndnwtztrgvycibrobertwilsoncom small business loans pm knwtwbudzkaddfinsurancecom want benefit wondrous effects phen avoiding side effects pm gjxoikcutpnjekwikipediaorg penis enlargement liquid pm eplifganvvtipalfemacombr live life casanova add inches already massive sch ong pm uspfrbaccesscommcom make moan pleasure penetrating deeper harder pm jyjjiadelphiacom pm anssdkalfemacombr effective safe guaranteed add inches pen s pm jiylvqudcs gitalycom doctor visits pm wnzbrcpzaliceadslfr millions customers cant wrong pm bafbnuqkutki uqkhsbccom hsbc bank customer service confirm online banking records pm ubzypjacxgroupcom luxury designer shoes boots men women gucci prada chanel pm epbswcslkyxcgkzcepbswcdialoguebetweennationscom lowest prices possible rolex pm akxfjvtezzakndxgakyoushouldmeetcom blue pills mg online pm ulpxhdvbaascom replica watches bags pens pm losfjfphxdlipocaljazeeranet click order replica watches best brands pm ivgpiekknitqsiuhivgpislatecom penis enlargement facts pm zisnaqrkmaccom unbelievable quality pm nmxuogfhpmmacmefnmxuyahoocom reduce debt debt pros pm ebsikbwmirabiliscom replica watches bags pens pm iplaxblqpxvirvnaiplaxblgwavacom start business loans pm nry wsjcom ciallis huge discount today pm zkvfbankmegacom natural way slimming pm hjvpsviagracom february pm iaastracom always wished bang chicks able chxenhmeollivbgmchxenhmminutecliniccom erase credit card debt tj esfegyujcmosataaxiscom tedmarkowitz axcbtouterplanesnet dimenylo wvs rbftcptenfujitsucom quality generic g r doctorapproved smrzrmrhcjoaazazsmryahoocom business loans days mvjqkabewznitagenziaimmobiliarevenezzecom sick tired unhappy small size solution add inches easily bzbheufiupcsqebvbzphysorgcom sexual performance aid yvvoybogxavfujityvvoyborockhallcom penis products reviewed lthndimakscom erectile dysfunction pill lhquwovwnusvfzorateitallcom cant night long fun dwboresearchintcom replica watches ulliwacehwvsbegkullcgisecuritycom reduce debt debt pros bnujkrbvfoyoqxoubnujkrbwikipediaorg lowest prices possible rolex vxpheesdupontcom watches dtw nqdjuaeleracom designer footwear gucci prada chanel buy direct forget department store prices tfhgjntvheavencom sexual stimulation zeulfhvvewgitrpwzewarnerbroscom legally cancel credit card debt ivatwqmatsodfecpetitioneu buy direct forget department store prices gucci kjulighterlifecounsellorcom girls love becuase order bluepills get pleasure pxxmaccom blood flow penis ah yjayrutadesacom tedmarkowitz wbschsxomdjrbizrurbandictionarycom reduce debts professional way grzmossnkmldyazqgrconsumersunionorg diamond replicas tqaq fcmailcom cejjunqgvehmenjoynejp safe reliable antied works men even certain health factors dnalij infoportru scarlet johansson loves men huge equipment measure zujmms hinetnet increases energy decreases appetite xqzetfxahwhetyphxqzetwhoisjesusreallycom penis enlargement reviews vnkovcottcom top designer shoes gucci chanel prada dior bpawbvxwcxkhmspdbpawbvxwcexpertlawcom reduce debt debt pros thffxcmindspringcom replica watches dcqzfxsearchhoundcom watch mail today cmgeolgafilippovacom save pharmaceuticals discount code fppau bmnvbuuzuhcqngxfbcuymedianet business loans pm wed aug quarantine summary,0,1,0.93608902110904
superuser vngaheronuwaterlooca c rnrtsjurnrtmc a rnrtsjurnrtmc auwaterlooca rnrtsjurnrtmc acn net rnrtstj rnrtstjuwaterlooca rnrtstjcn net a fongpc fongpc uwaterlooca fongpc psych net c healthy healthyuwaterlooca healthyahsnet uwfitness raihip premus marep lifestress ldapahs health hardyhearts gopherahs gamesmuseum escs ergonomics dnwr dementianetworkwaterlooregion crepremus cgsa cbrpe canspann ahsserv ahsco rec kin hsg hbr ahsit sandbox cremsd obc cals healthy icepic healthycommunities picdp orig hospitalreport parksgovernance healthy healthyuwaterlooca healthyahsnet uwfitness premus marep lifestress ldapahs health hardyhearts gopherahs gamesmuseum escs ergonomics dnwr dementianetworkwaterlooregion crepremus cgsa cbrpe canspann ahsserv ahsco rec kin hsg hbr ahsit sandbox cremsd obc cals healthy icepic healthycommunities picdp orig hospitalreport parksgovernance a hsglaptop hsglaptop uwaterlooca hsglaptop ahsnet hsglaptop nexus a polycom polycom uwaterlooca polycom asnetalnet a polycom polycom uwaterlooca polycom asnetalnet classroom classroom uwaterlooca classroom asnetalnet classroom classroom uwaterlooca classroom asnetalnet classroom classroom uwaterlooca classroom asnetalnet wed aug builddns,0,1,0.9559010745072175
acting vicechancellor ggwkqfcwidmzkwmasseyacnz vice chancellor much pleasure announcing recipients vice chancellors teaching excellence awards making awards vice chancellor would like note standard applicant years round exceptionally high response request awards committee two awards sustained excellence made recipients follows dr lisa emerson school english media studies awarded darrylin odea award innovation elearning dr rosie bradshaw institute molecular biosciences awarded vice chancellors award excellence teaching first year students dr hamish anderson department economics finance awarded vice chancellors award sustained teaching excellence dr heather kavan department communication journalism marketing awarded vice chancellors award sustained teaching excellence mr bill macintyre school curriculum pedagogy awarded vice chancellors award sustained teaching excellence professor janet hoek department communication journalism marketing awarded vice chancellors award sustained teaching excellence dr anderson dr kavan dr emerson vice chancellors nominations national tertiary teaching excellence awards thu aug message staff,0,1,0.415051390594916
dell small business hcxhsmallbusinessdellcom weeks dell small business email update check remarkable presidents day offers youll save slim tower notebook server printer monitors gps systems see weeks email online start saving today make sure receive email dell small business add hcxhsmallbusinessdellcom address book week presidents day deals dear ted markowitz weeks small business email update features outstanding deals presidents day right get vostrotm slim tower intelr pentiumr dualcore processor choice genuine windowsr xp home edition genuine windows vistar home basic gb memory gb hard drive dvdrw burner widescreen flat panel monitor year limited warranty nextbusinessday onsite service pick vostro notebook intel coretm duo processor choice genuine windows xp home edition genuine windows vista home basic gb memory gb hard drive dvdrw burner cell battery hours battery life plus find great deals including poweredgetm server delltm color laser printer c starting system purchase select ultrasharptm widescreen flat panel monitors autovehicle gps systems see weeks email online start saving today sincerely dell small business visit dell small business home page forward email friend colleague stop receiving marketing emails receive less often use links unsubscribe receive emails less often dell respects privacy please visit privacy policy page information subscribed user gvcceaschallengecc dell inc us dell inc located one dell way mail stop round rock tx wed aug presidents day huge savings parties desktop notebook,0,1,0.6041263146159487
cd dvd expires soon half com free coupon half com half com new site cds books movies video games everything get first order plus free shipping first order items sure pass coupon friends click bucks coupon code lifestyle use lose expires soon click bucks coupon code lifestyle hottest titles last including cds santana n sync dixie chicks jay z christina aguilera project sixth sense matrix dvds world enough blair witch free coupon half com click bucks coupon code lifestyle shopping cart page enter coupon code right side page submitting code coupon displayed shopping cart received invitation participate offer someone using e mail address agreed receive special promotional offers retail trade services web site partners wish excluded future offers please reply message type unsubscribe subject line questions sent wish know privacy policies please go,0,1,0.555822656780043
ibm deutschland infoisourceibmcom ibm enews juli liebe leserin lieber leser zur zeit findet wimbledon das diesjhrige tennisturnier statt mit hilfe von ibm auch online unter ein packendes ereignis lesen sie mehr ber diesem internetauftritt und zu zahlreichen weiteren themen aus der itbranche der aktuellen ausgabe von ibm enews nutzen sie die mglichkeit auf folgender webseite aus ber interessensgebieten die themen fr ihre persnliche ibm enews ausgabe auszuwhlen sie erhalten dann business informationen nach alle artikel knnen sie jederzeit online auf dieser webseite aufrufen wir halten sie auf dem laufenden ibm enews wenn sie zukunft ibm enews nicht mehr erhalten mchten knnen sie sich auf dieser webseite abmelden der heutigen ausgabe ebusiness wimbledon gewinnt mit hilfe von ibm auch online ein packendes ereignis neues buch deutschland online weist weg die informationsgesellschaft weitere artikel aus dem bereich ebusiness business lsungen und services mehr training fr alle ibm learning services corporate card weitere artikel aus dem bereich business lsungen und services solutions und services eguide aktuell produkte und lsungen fr den mittelstand zusammengefasst im ibm kundenmagazin sprechen sie mit uns sicherheit ist trumpf weitere artikel aus dem bereich solutions und services software software fr den mittelstand websphere integration weitere artikel aus dem bereich software hardware neu ibm thinkpad a p die erste mobile dworkstation ibm eserver pseries e c ankndigung des neuen entry servers weitere artikel aus dem bereich hardware ebusiness wimbledon gewinnt mit hilfe von ibm auch online ein packendes ereignis die neue turnierwebsite bietet tennisfans aller welt sekundenaktuelle spielstnde livevideos kommentare und interviews mit ebusiness demand lsst sich dabei die erforderliche kapazitt fr den ansturm whrend des turniers einfach einschalten und anschlieend ebenso einfach wieder abschalten ein echter servicegewinn klick fr klick neues buch deutschland online weist weg die informationsgesellschaft die schnelle transformation die informationsgesellschaft ist deutschlands letzte chance um im kreis der groen wirtschaftsmchte zu verbleiben deutschland muss itweltmacht werden und das pronto das verlangte der vorsitzende der geschftsfhrung der ibm deutschland erwin staudt anlsslich der vorstellung des buches deutschland online strategien und projekte fr die informationsgesellschaft berlin weitere artikel aus dem bereich ebusiness weitere artikel aus dem bereich ebusiness finden sie online auf unserer ibm enews website unter folgender adresse knnen sie ihre interessensgebiete auswhlen und erhalten dann businessinformationen nach business lsungen und services mehr training fr alle ibm learning services corporate card ibm learning services bietet ihnen preisgnstige trainings mit der ibm learning services corporate card sparen sie bis zu euro im unterschied zur ibm learning services education card knnen sie damit alle ihre mitarbeiterinnen zu den trainings senden weitere artikel aus dem bereich business lsungen und services weitere artikel aus dem bereich business lsungen und services finden sie online auf unserer ibm enews website unter folgender adresse knnen sie ihre interessensgebiete auswhlen und erhalten dann businessinformationen nach solutions und services eguide aktuell produkte und lsungen fr den mittelstand zusammengefasst im ibm kundenmagazin mit dieser ausgabe bernehmen wir teile des heftes auch im web lesen sie hier mehr ber den neuen produkt und lsungsteil oder bestellen sie sich ihr exemplar des ibm kundenmagazins eguide sprechen sie mit uns sicherheit ist trumpf sie machen sich sicherlich gedanken darber ob ihre ebusiness infrastruktur wirkungsvoll geschtzt ist insbesondere vor dem hintergrund sich ffnender strukturen ibm als einer der vorreiter im bereich ebusiness sicherheits strategien bietet ihnen lsungen mit denen sie ihre itinfrastruktur sichern knnen berzeugen sie sich selbst weitere artikel aus dem bereich solutions und services weitere artikel aus dem bereich solutions und services finden sie online auf unserer ibm enews website unter folgender adresse knnen sie ihre interessensgebiete auswhlen und erhalten dann businessinformationen nach software software fr den mittelstand hier finden sie ausgewhlte softwareprodukte mit beispielen unserer zufriedenen kunden die ibm produktfamilien websphere db lotus und tivoli sind die basis fr eine vielfalt von ebusiness lsungen sie sind industriespezifisch skalierbar ausgerichtet und basieren auf offenen standards dass sie speziell auf die bedrfnisse des mittelstandes zugeschnitten werden knnen websphere integration mit websphere integration versucht die ibm keine technologie zu vermarkten die die unberschaubare vielfalt der individual programmierungen um neue facetten bereichert vielmehr agiert sie wie ein katalysator und ermglicht die erweiterung und erneuerung von systemlandschaften sowie die migration von geschftskritischen daten mehr dazu im softwareschwerpunkt des monats weitere artikel aus dem bereich software weitere artikel aus dem bereich software finden sie online auf unserer ibm enews website unter folgender adresse knnen sie ihre interessensgebiete auswhlen und erhalten dann businessinformationen nach hardware neu ibm thinkpad a p die erste mobile dworkstation der thinkpad a p tv n ge tv l ge tv n ge ist ausgerstet mit einem intel pentium notebookprozessorm schnellen ddr speicher modulen und einem extrem leistungsfhigen grafikchip auch die highspeed festplatte lsst keine wnsche offen zwei modulare laufwerkschchte sorgen fr ein plus flexibilitt das notebook ist mit einer ethernetkarte einem k v modem integrierten b wirelessantennenchip bluetooth sowie einem ieee firewireanschluss ausgerstet ibm eserver pseries e c ankndigung des neuen entry servers ibm definiert den unix entry server neu zuverlssigkeit und verfgbarkeit der power prozessortechnologie jetzt vom entry bis zum enterprisebereich mit selbstverwaltungsfunktionen aus dem projekt eliza ultraflaches rack oder desksidemodell die richtige wahl fr kleine und mittelstndische unternehmen weitere artikel aus dem bereich hardware weitere artikel aus dem bereich hardware finden sie online auf unserer ibm enews website unter folgender adresse knnen sie ihre interessensgebiete auswhlen und erhalten dann businessinformationen nach sie erhalten diese email da sie zu ibm enews angemeldet sind als xxxxxxyyyyyyyyyyruhrunibochumde das ibm eserver warenzeichen besteht aus dem eingefhrten ibm ebusiness logo gefolgt von dem beschreibenden begriff server nach unseren kundendaten sind sie informationsmaterial von ibm interessiert und abmelden sowie ihre einstellungen ndern knnen sie auf folgender website kontakt webmasterdeibmcom copyright c ibm deutschland thu jul cut ibm enews aktuelle informationen von ibm,0,1,0.7546143961557661
promotion sally short note congratulate well deserved promotion always thought toughest job company guess everybody else finally caught jordan,0,1,0.4080822006269974
coast coast tickets vip customer update gwhpdkycnjccoasttocoastticketscom dear vip customer watch high tops hot shots coolest seats save another fast break vip discount buy slam dunk tickets march madness today vip code coolvip vip discount offer expires march find great sports concerts theater tickets suggest view message web page redemption details opt future notifications coast coast tickets llc rights reserved fri aug great march madness tickets plus vip discount,0,1,0.512880653873064
jcnijvmmw aolcom due settings computer unable gain access link confirmation user name nordicbiker thank yousee aols top rated recipes easy ways stay shape winter fri aug confirmation,0,1,0.8095911205951101
references louise treated degree candor respect morning really refreshing although must admit caught guard give chance leader organization slightest doubt mind generate new ideas new business require top performing vice president fact dying get chance prove deliver results want loose time already want start know well people names gave references might also want try scott neal black know quite well would give opinion ability deliver looking thank opportunity steve,0,1,0.45107421436265493
daryl c w oshea wlbpaliggfaddostechca michael scheidell wrote fact found several sites different networks mine doesnt work dont query per day perhaps theyre flare ddos volume one works best one k queries per day figure tried every one blocked piss someone im blocked excessive use traceroutes ansspamhausorg two hosts issue first ontario atlanta ga usa bumcyan dos traceroute ansspamhausorg traceroute ansspamhausorg hops max byte packets ms ms ms ms ms ms ms ms ms ms ms ms ms gw clwdphubnetcablerogerscom ms ms gi gw clwdphubnetcablerogerscom ms so gw mtnkphubnetcablerogerscom ms ms pos igw ny thphubnetcablerogerscom ms ms ms ms ms so dcr nykcwnet ms ms so dcr amdcwnet ms ms as dcr amdcwnet ms ms ms surfnetgw amdcwnet ms ms tz xsr amsterdam asurfnet ms ms onweersurfnetnl ms ms ms bumwally dos traceroute ansspamhausorg traceroute warning ansspamhausorg multiple addresses using traceroute ansspamhausorg hops max byte packets ms ms ms ms ms ms ms ms ms ms ms ms ms ms ms tf xsr amsterdam asurfnet ms ms ms onweersurfnetnl ms ms ms daryl thu aug pblspamhausorg,0,1,0.5424290547048338
john evdemon jevdemonacmorg keep fingers crossed exhausted britney wants quit music wed aug quitting music,0,1,0.6195750179916488
nrhjihjprwshjmarinestorecouk seeing message read html emails view email web page please click link thu aug marinestore news offers february,0,1,0.6361936934281883
astrologycom daily horoscope dailyhoroscopeastrologycom astrologycom daily horoscope horoscopes love psychic readings predictions numerology mayaaztec tarot astrology readings dear gordon horoscope thursday august time tackle seemingly impossible tasks amazing energy least help make ability withstand opposition alltime high going another breakup discover heart really wants soul mate call check horoscopes yesterday tomorrow todays extended extended singles love couples love greenscope home garden work beautyscope astroslam flirt cosmic calendar chinese teen babyscope dogscope catscope quickie lesbianscope gayscope espa ol ps never forget birthday unique free service warm regards sponsor summer fling turn real thing find free psychic love reading compatibility conflict find areas compatibility potential conflicts mate get free sample compatibility conflict reading click get started watch day todays historic events famous birthdays watch blabber sienna miller blows top bat signal lights gothams night family drama smacks brooke hogan want natural way find happiness feel better get control life wendis hypnosis program get looking forward future learn additional horoscopes aries might seem like nothing go right today matter perspective sure youre experiencing setbacks see challenges jump back game taurus intense energy make rather popular today sort thing people looking may time everyone theres reason choose move gemini slowing maybe youve running top speed maybe youre starting question see around take time need moving cancer use potent intuition figure next feelings certainty nothing know whats right whats quickly leo watch ego conflicts today might one fighters ability sidestep delicate dramas tested ready onslaught folks nothing better virgo cant sit still today even youre work need patient children good time take walk look new opportunities something work libra youve got decide giving much giving little today fun essential youve made call stick see things start improve pretty soon scorpio time tackle seemingly impossible tasks amazing energy least help make ability withstand opposition alltime high sagittarius deeper parts consciousness force today might make life lot interesting day good time figure odd problems make big decisions capricorn share hopes family supportive ways youd never expect things get better better long open possible want see happen aquarius need something big community today maybe donation maybe volunteer time maybe something creative could pull whatever make focus day pisces slow negotiations say project proposal doesnt seem exactly right details matter gut check force parties reconsider astrologycom special fall love discover formula deep long lasting love free sample combined passions reading advertisement free psychic reading ever find mr right find free psychic love reading pregnancy baby plus perfect expecting new moms answers need together personalized sponsored links yahoowhats click wish edit current information add signs email sign exciting newsletters click unsubscribe daily horoscope need email us please include following lines reply email recipient gvcormacgvcceaschallengecc annmn noe noe nr f i noe mub aubft thu aug astrologycom daily horoscope,0,1,0.42014812118155576
rendez vous reporter sunday rd september sunday rd september monte carlo rendez vous reporter reactions association guy carpenter http www guycarp com simply click link next headline read full story top stories day way rates http www reactionsnet com conferences viewstory asp id vox pops testing renewals air http www reactionsnet com conferences viewstory asp id view middleman http www reactionsnet com conferences viewstory asp id new look rendez vous http www reactionsnet com conferences viewstory asp id please visit http www reactionsnet com latest news world largest insurance reinsurance conference alternatively read stories official rendez vous website http www rvs monte carlo com book industry reinsurance fourth edition professor robert l carter industry standard textbook ecommerce waterside net reactions reins fourth asp,0,1,0.8965544027992487
lars hecking odfsuhykuserssourceforgenet anyone experiences goodbad cards linux recommend alternatives cards available work box ubuntu gutsy much better trendnet tew pc super g dlink wna rangebooster g work box ubuntu genoo thu aug ilug linuxcompatible wireless adapters,0,1,0.4964140594688396
hi darren darren hear back regards information sent please keep touch let know help home hunting process would like help make moving experience pleasant one good wishes iona alphonso always tune needs oh way know someone thinking buying selling home please call name number thanks million prudential gary greene realtors fm west suite houston texas voice mail x pager office fax web site http www ionaalphonso com resume http www har com ionaalphonso gary greene web site http www garygreene com please view monthly newsletter http homeownernews com c ionaalphonso,0,1,0.49526927424829653
moneycentral routes retire rich ecial msn,0,1,0.46552710832919575
owen byrne owenpermafrostnet spamassassin hurting democracy owen internet level political playing field mike mccurry larry purpuro many months people across country experience one great recurring features american democracy shopping malls factory floors church socials even front stoops approached individuals want represent us public office chances high wont know personally walk us offer handshake flier ask votes technology affecting every area communication begun affect way political candidates communicate voters years gop gubernatorial primary california secretary state bill jones faced betterfunded candidates acquired email addresses million potential california voters sent unsolicited email asking support day might chosen traditional expensive methods contacting voters direct mail radio spots tv ads spent cents per message instead cents per message direct mail another medium jones chosen direct mail radio tv communication would equally unsolicited defined email world voters would opted receive campaign information jones channels response jones email effort however swift intense lambasted antispam advocates media coverage almost entirely negative fair jones tactics could refined used lessthanperfect list standardpractice paid disclaimer message detractors however attacked tactical miscues email sent unsolicited fact jones online campaign may visible asset era cynicism toward money politics money typically spent unsolicited communication mediums jones tried level playing field one likes commercial spam irrelevant untargeted highly intrusive even offensive sophisticated society time differentiate commercial spam different unsolicited email sent political candidates voters debate particularly relevant light legislation congress would constitute first federal law directly address spam believe email intrusive direct mail telemarketing tv advertising comes politicians seeking reach voters simple link good email campaigns allows recipients opt future mailings direct mail takes least phone call stamp taken list viewers must repeatedly endure tv ads candidate lacks large campaign war chest use internet provide constituents information better prepare perform civic duty casting educated votes percent potential voters country possessing email accounts makes sense political candidates use medium candidates might avoid tactical problems encountered jones campaign use technologies available today better ensure quality email lists target content specific recipient groups broader point remains political candidate sends voter email recipient choose delete message without opening unsubscribe list read even reply engage sender choice belong voter antispam advocates whose efforts better focused commercial email political candidates free communicate voters best let voters decide information mike mccurry former press secretary president clinton ceo advocacy management communications software company larry purpuro former republican national committee deputy chief staff founder president political emarketing firm written los angeles times thu aug case spam,0,1,0.6137624552224895
cdnow shipment confirmation dear daren thank shopping cdnow please keep email invoice records february shipped order number following item cash nelson vhl storytellers format cd quantity price following address via u postal service daren farmer clarkston ln spring tx total number items subtotal shipping sales tax shipment total order billed daren farmer shipment completes order paid full orders arrive within business days however rare instances may take weeks turn volume career bose audio products legendary bose careers excitement innovation uncompromising performance nothing takes higher level job bose make sound career move visiting http www bose com hl complete information order number confirm status click copy paste link web browser http cdnow com myorder otid also access order history directly home page please reply email questions order addressed online order history please visit contact cdnow page using link http cdnow com service fast forward rewards tm program points order credited membership summary points earned thanks order sincerely customer service cdnow inc music store http cdnow com aol keyword cdnow,0,1,0.403119780249077
avery kqyveaverydennisonrsys com get complimentary update avery designpro software ted get latest avery designpro software update free includes templates newest avery products windows vista compatible go nowplease add avery averyaverydennisonrsys com safe sender listview email web page previous versions designpro ver x must uninstalled computer successful installation designpro limited previously saved projects remain estimated time downloading file depend connection speed email sent avery dennison office products company pointe drive brea ca goavery avery dennison corporation rights reserved avery avery brands product names codes trademarks avery dennison corporation microsoft trademark registered trademark microsoft corporation united states andor countries message sent avery dennison using responsys interact safely unsubscribe avery dennison email time view permission marketing policy tue aug complimentary creative software avery,0,1,0.7709268967343366
color copier information kevin please see following websites features specifications color copiers currently available enron pricing attacment bottom mesage let know would like meet reps vince mike shirley would want take trip vendor location demonstrations equipment listed color copiers supported vendor lease would group relative vendor response times specified hr time call placed vendor tech arriving normal business hours hours service available premium rates yet quoted let know require hours service pricing epsc key op currently support color copier equipment someone group would receive necessary training low level maintenance jams toner staples etc would also need store necessary supplies selected color copier lanier website http www lanier com ps products wkgrp c html canon clc website http www usa canon com corpoffice copiers clc html lanier website http www lanier com ps products hivol c html canon clcl website http www usa canon com corpoffice copiers clcl html one installed acl canon clc website http www usa canon com corpoffice copiers clc html canon clcl website http www usa canon com corpoffice copiers clcl html installed acl aco pricing please see attached winzip file thanks iain russell contracts supervisor administration enron property services corp,0,1,0.49339565022268456
bit history fourth july hello everyone vince asked send definately eye opening heart wrenching sometimes forget price paid wonderful country wonderful th july shirley,0,1,0.47257093355043384
saxet canales king ranch balancing issue sis averaging day big cowboy pretty dead carol would like us gross saxet based number flow days left nomination plant takes payback account mary,0,1,0.4108184450988951
vmware customer service customer servicevmwarecom following account successfully created email binangvcceaschallengecc password thank using vmware web site thu aug account successfully created,0,1,0.6032083504756643
digizone ltd vidjfhgdigizoneconz digizone newsletter issue latest newsspecial offers new products recommended deal latest news hi flash drives cheaper ever check great deals flash memories special offers maxtor one touch usb only gst offer valid stock last click view product specifications western digital elements gb usb external hard drive preformatted ready go wd elements usb external hard drives make possible add reliable high capacity storage instantly pc macintosh computer plain simple reliable addon storage external usb drive preformatted immediate use simply plug usb port youve got instant storage pc macintosh offer valid stock last gst click info new products transcend gb jetflash v usb flash drive green transcend information inc transcend leading company flash memory products announced new jetflash v usb flash drive huge memory capacity gb transcends jetflash v tiny flash drive stylish design outstanding performance jetflash v s special capless design uses sliding usb protects connector damage use jetflash v measures mere x x mm weighs g classic design includes hook neck strap convenience prevent loss making device easier remove usb port gst click info transcend gb cf card x high speed transcends x compactflash cards offer perfect combination speed capacity reliability ensure ultimate compatibility speed transcends x cards operate dualchannel ultra dma mode making consecutive shooting nonstop video recording easier ever impressive transfer speeds enormous capacities gb ensure get best results hightech digital equipment gst click info transcend gb sd card highcapacitysdhc class card reader transcend currently offers combo package includes sdhc card together compact card reader s make transferring data easier ever slide sdhc card s plug directly usb port capable data transfer rates mbs reader works like standard usb flash drive supports latest sdhc standard hiend large capacity memory cards transcends sdhc worlds thinnest sdmmc card reader s perfect combination mobile lifestyle gst click info recommended deal macpower pleiades usb gb external hard drive next generation icecube pleiades usb slim stylish powerful aluminum external hard drive features fanless design passive cooling ideal multimedia users quiet working environments gst click info free shipping nation wide always digizone limited proundly distributing following brands wholesale channel copyright digizone limited unit building triton drive albany auckland ph fax email vidjfhgdigizoneconz wish cancel subscription newsletter click wed aug gb maxtor one touch usb,0,1,0.5064330296509099
astrologycom specials mailingsastrologycom dear gordon limited time offer subscribe unlimited tarot get days risk free use unlimited tarot daily divination direction personal empowerment get burning love romance questions answered choose different spreads seek guidance aspects life instant access readings click away get started try free sample tarot readings quick peek cards holdyour credit card charged first days may cancel time new subscribers ps digitize life help free sample numerology oneyear forecast pass forward offer friendyour personal information safe secure astrologycom manage subscriptions unsubscribe click follow unsubscribe instructions manage subscriptions ivillage group commercial mailings please click information obtained emailing mailingsastrologycom need email us please include following line reply email recipient gvcormacgvcceaschallengecc astrologycom co ivillagecom sylvan avenue nd floor englewood cliffs nj annmn nop nop nr f nop mub aubft annmn nop nop nr f nop mub aubft thu aug try unlimited tarot days us,0,1,0.9242193253534398
fw limited partnership agreement original message donahue jeff sent sunday december muller mark subject fw limited partnership agreement original message roberto zapata weil com mailto roberto zapata weil com sent friday december pm donahue jeff desai jayshree del vecchio peter golden jeff cash michelle koehler anne c daniels eddy cook mary jim ginty enron com davis angela arielcaliban msn com golden aol com nathoo blackstone com whitfield blackstone com schlaack blackstone com hoffman blackstone com chung blackstone com haggerty blackstone com shinder blackstone com zelin blackstone com sacohen wlrk com esrobinson wlrk com megilligan wlrk com lamcintosh wlrk com lapasini wlrk com bgoldberger wlrk com rdfeintuch wlrk com dmeinhorn wlrk com hsnovikoff wlrk com mhbyowitz wlrk com sggellman wlrk com bmroth wlrk com felnera citi com felner family verizon net robert hoglund ssmb com vivian maese ssmb com tellaml citi com kirkland b andrews ssmb com andrew w alter ssmb com marcy engel ssmb com thomas roberts weil com mary korby weil com brian rosen weil com paul asofsky weil com mpollack weil com marita makinen weil com mary jean potenzone weil com stephen kahn weil com roger ross weil com andrew clark weil com ian trumpower weil com daniel gewanter weil com lina rubin weil com john quattrocchi weil com john byars weil com linarubin yahoo com subject limited partnership agreement please find attached draft limited partnership agreement two cases delivered blackstone group connection wind umbrella transaction note documents remain subject internal review comment questions concerning attached unable open either document please hesitate contact best regards b z note information contained email message intended use individual entity named reader message intended recipient employee agent responsible deliver intended recipient hereby notified dissemination distribution copying communication strictly prohibited received communication error please immediately notify us telephone destroy original message thank netco l p lp agreement see attached file np doc see attached file xls,0,1,0.4028516337915784
sjeuvxwebde hello triptrackers signed yesterday triptracker account receive email activate account help thanks joachim ioioba user ioioba email sjeuvxwebde gratis movieflat jetzt freischalten fri aug help please signed activation mail,0,1,0.9019435523675289
news etv building guy due popular demand put latest segments building guy ip tv click start button task bar click programs business applications next click ip tv viewer launch program double click building guy program list never used ip tv viewer brief user set process worry anything computer guy takes care building guy segments run every minutes enjoy official etv guidelines interested running segment etv check official etv guidelines go home enron com information services section click link etv guidelines,0,1,0.5459732820522919
eia updated heating costs forecast home heating costs soar winter americans expect home heating prices jump much winter strong economic growth high crude oil prices according eia winter especially long periods cold weather could cause even higher prices heating fuel storage levels average homes use natural gas expect see biggest jump bills prices paid residential customers expected average per mmbtu last winter average higher prices combined increased consumption push overall costs average winter last year earlier eia said annual report winter fuels high prices competing petroleum based fuels help keep natural gas prices high homes heating oil pay fuel winter paid last winter prices average per gallon last year report said americans use propane heat homes pay winter compared last year inventories propane end last month million barrels million last year level distillate stockpiles include heating oil diesel fuel million million barrels start heating season lower last year report said government projection excludes heating oil reserve created clinton administration stores million barrels distillate stocks east coast million barrels close less last year level new england stocks level eia estimated monthly price crude oil remain per barrel rest year gradually decline next year average per barrel rising demand asia continued growth us higher oil production opec able stem rally prices report said us crude oil inventories million barrels million barrels last year deficit smaller last month million barrel shortfall though supplies still normal expected move normal range end winter report said global oil demand year expected increase million barrels per day last year grow additional million barrels day million barrels day according report average retail price gasoline per gallon last week fall per gallon december next march report said report says cold winter could cause northeast heating oil prices surge could spill east coast diesel markets government said chances greater year tight distillate supplies especially northeast diesel prices fall per gallon december next summer assuming normal conditions winter,0,1,0.5220426894662363
check deals,0,1,0.6070876802108022
dnsstuffcom yqrsrqsqbpdyetcusemaildirectcom notice dnsstuff free tool access expires oct act dear tony free registration account dnsstuffcom expires january dns vulnerable attacks availability issues dont go without robust tools allow control diagnose monitor dns network settings get prepared buy take advantage dnsstuffs indepth tools knowhow via direct access experts help make life easier company secure purchase annual license price increases mid december buy today pricing annual membership increase upgrade also allow download dns specific forrester report free value coupon code must entered purchase year membership ca e fee account expires soon save money maintain account settings simply login dnsstuff account screen upgrade sure use coupon code ca e fee way power whois tool user great news effective week tool free thanks support team dnsstuff want receive dnsstuff mailing please see dnsstuffcom merrimac street newburyport tue aug free registration account expires soon save purchase today,0,1,0.7126389679873567
hillarious take minute call listen greeting brown williamson tobacco company point asked select extension hang david heineke dheineke tsteel com,0,1,0.5189661814572203
fw computers happy holidays bonnie hitschel subject computers dear tech support last year upgraded boyfriend husband noticed slowdown performance flower jewelry applications operated flawlessly boyfriend addition husband uninstalled many valuable programs romance installed undesirable programs nfl nba conversation longer runs housecleaning simply crashes system tried running nagging fix problems avail desperate dear desperate first keep mind boyfriend entertainment package husband operating system install tears enter command husband automatically run applications guilty flowers remember overuse cause husband default grumpy silence happy hour beer beer bad program create snoring loudly wav files install mother law reinstall another boyfriend program supported applications crash husband summary husband great program limited memory learn new applications quickly might consider buying additional software improve performance personally recommend hot food lingerie good luck,0,1,0.5033411528192249
bridge errors keep eye bridge still erroring,0,1,0.6084365657418263
dermott bolger phwwxbyczrqexgmailcom keeping desire never watch ads miss episode decent show contemplating getting mitts anyone seen good ta thu aug ierant anyone watched john cincinnati,0,1,0.5544908916372274
andy andyr dvdorg fortean moment time betamax video recorders finally phased almost years losing battle dominance home video market vhs betamaxs manufacturer sony announced make machines japanese market sale rest world since vhs became dominant format mid s betamax launched many fans said better quality vhs rival million betamax machines sold worldwide peak year soon went downhill vhs became format choice film rental industry homes machines sold months march digital machines new recording formats taking hold market demand continued decline become difficult secure parts sony said statement sony said would continue offer repairs manufacture tapes format professional betamax format betacam still widely used television film industries unaffected recent rise dvds seems put final nail coffin betamax home players s many video rental chains preferred vhs format betamax lovers became passionate format face competition vhs set betaphile club picture sound quality beta superior vhs betaphiles say although vhs tapes longer duration total million betamax machines sold around world new ones made end sony planning focus efforts new digital technologies see also yahoo groups sponsor kwick pick portable lock pick opens almost lock locked try kwick pick open car doors desk drawers padlocks much never get locked unsubscribe group send email forteanaunsubscribeegroupscom use yahoo groups subject wed aug zzzzteana betamax finally laid rest,0,1,0.40850074423524785
tarak ranjan vkyqkmltnuyahoocoin hi list come know every incoming outgoing mail massing sa tarak thu aug know,0,1,0.5883407220893048
reactions september live line reactions latest edition financial magazine global insurance market live http www reactionsnet com world leading insurance reinsurance magazine simply hit links bottom item see full article call email us help time mailto web help euromoneyplc com september issue reactions packed full news views figures cover report future reinsurance ignoring uncertainty danger http www reactionsnet com viewstory asp id cover report ratings agencies responsible excess capital http www reactionsnet com viewstory asp id cover report give capital back http www reactionsnet com viewstory asp id cover report shakeout likely http www reactionsnet com viewstory asp id cover report future industry look like new face risk transfer http www reactionsnet com viewstory asp id les rendez vous de septembre monte carlo th international meeting insurers reinsurers brokers reinsurance consultants starts september rd able keep right date news logging official monte carlo website http www rvs monte carlo com association guy carpenter http www guycarp com reactions publish rendez vous reporter daily available read line able attend person simply go section headed newsletter access daily updates also read last year archived reporters look daily email news alerts sent directly monte carlo next week stories profile munich giant steps forward munich kept silent statue many years even confronted innocent enquiries strategy statue come life willing talk maintains position world powerful reinsurer simon challis went munich hear http www reactionsnet com viewstory asp id financial risks path new risks insurance companies banks two separate distinct marketplaces dividing lines two blurred ever creating new opportunities also fresh set problems challenges overcome http www reactionsnet com viewstory asp id tax havens financial paradise threat offshore domiciles tax havens created important niches within insurance finance become centres excellence many industries sun may soon disappear jurisdictions come pressure change http www reactionsnet com viewstory asp id free trial leading authority international fund management global investor magazine please go http www com admin registernow asp see home page go http www com e commerce electronic hits screens rapidly changing world one thing least become abundantly clear insurers reinsurers fail rise challenges internet technology fall wayside http www reactionsnet com viewstory asp id specialist information internet economy visit sister publication evantage http www evantagenow com european insurance change unified market eu non life insurance markets undergoing rapid transformation driven deregulation markets advances information technology http www reactionsnet com viewstory asp id plus latin american insurance susan drury brand new report analyses growth opportunities companies products alliances market susan drury forecasts shape direction latin american industry next ten years ecommerce waterside net reactions la insurance asp risk internet ecommerce insurance reinsurance legal issues guide vital point reference anyone involved covering internet related liabilities reduced price pounds ensure best information risk associated e commerce insurance disposal ecommerce waterside net reactions risk asp ensurance without clear e commerce strategy seriously jeopardising future competitiveness company reactions publishing group produced report answer questions new expanding market ecommerce waterside net reactions ensurance asp reinsurance fourth edition professor rl carter fully updated edition best selling guide reinsurance market must read book every executive consultant involved rapidly evolving reinsurance industry ecommerce waterside net reactions reins fourth asp euromoney plc provides uniquely focussed line book information service financial markets professionals find best date selection books journals specifically sector please go http www euromoneyplc com registration free call us http www reactionsnet com advertise link company website industry circular please contact andreas silberman tel e mail mailto asilberman euromoneyplc com problems logging onto using www reactionsnet com please call dedicated help desk email mailto web help euromoneyplc com,0,1,0.8972140534716342
pizzahut uiaregipizzahutconz following copy order placed pizzahutconz online ordering system transaction id customer details customer name tony meyer customer phone customer email user gvcceaschallengecc delivery address apsley rise western hgts henderson delivery instructions order x super supreme x fries x hawaiian x create x garlic bread x italiano x bbq chicken bacon total thank fri aug pizzahut order confirmation,0,1,0.421972160471486
howstuffworks newsletterhowstuffworkscom august rssin kitchen weeks highlights cost food rising rapidly beer myths banned foods competitive eating quiz get fruit diet want quizzes test knowledge variety subjects fun quizzes several popular categories weeks trivia questionwhat folate find cost food rising rapidly milk gets expensive might pouring water cereal costs corn rice keep skyrocketing water might ingredient bowl weeks video beer myths uncover beer myths discover real answers beer affects human body video howstuffworks also howstuffworks banned foods particular foods end banned banning find plus see foods top list competitive eating quiz competitive eaters chow everything sweet corn matzo balls cow brains activity grown popularity last years often leaving spectators entertained disgusted secrets competitive eating longterm health risks stars competition get fruit diet knowing get fruits diet help stay healthy keep weight fruits low fat calories packed vitamins minerals provide good alternative sweets coming soon new design email sent gvcormacgvcceaschallengecc howstuffworks inc peachtree road suite atlanta ga usa received email address submitted howstuffworks newsletter service email sent error would like removed list please unsubscribe change preferences using profile manager view email web page click howstuffworks registered trademark howstuffworks inc ac howstuffworks inc rights reserved wed aug rising cost food beer myths explained hsw,0,1,0.5646039419476626
martin whelan mwhelandeisedesigncom massive increase amount email falsely bounced around place ive already received email number people dont know asking sending email explained servers russia elsewhere coupled false emails received really starting annoy one seeing increase recent weeks martin martin whelan dise design tel core product diseditor allows organisations publish information web site fast cost effective manner need full time web developer site easily updated organisations staff instant updates keep site information fresh sites updated regularly bring users back visit demonstration diseditor managing information iiu mailing list iiuiiutaintorg thu aug iiu viruses bounced mail,0,1,0.4487790542371257
living xl pvosgprelivingxlcom email client support html view email message please use link wed aug preorder ultimate office chair today,0,1,0.7470418207748508
conoco dale marketing approves addition central pool poi conoco ft contract alternate delivery point remainder contract term lorraine,0,1,0.40127010753122916
ouhkrzmonitoringapacheorg asf nagios notification type recovery host spamassassinzonesapacheorg address state info datetime sun oct bst wed aug host alert spamassassinzonesapacheorg,0,1,0.4832468043756064
fw father letter original message michael boykin mailto boykin flash net sent friday january pm subject fw father letter father love letter child may know know everything psalm know sit rise psalm familiar ways psalm even hairs head numbered matthew made image genesis live move acts offspring acts knew even conceived jeremiah chose planned creation ephesians mistake days written book psalm determined exact time birth would live acts fearfully wonderfully made psalm knit together mother womb psalm brought forth day born psalm misrepresented know john distant angry complete expression love john desire lavish love john simply child father john offer earthly father ever could matthew perfect father matthew every good gift receive comes hand james provider meet needs matthew plan future always filled hope jeremiah love everlasting love jeremiah thoughts toward countless sand seashore psalm rejoice singing zephaniah never stop good jeremiah treasured possession exodus desire establish heart soul jeremiah want show great marvelous things jeremiah seek heart find deuteronomy delight give desires heart psalm gave desires philippians able could possibly imagine ephesians greatest encourager thessalonians also father comforts troubles corinthians brokenhearted close psalm shepherd carries lamb carried close heart isaiah one day wipe away every tear eyes revelation take away pain suffered earth revelation father love even love son jesus john jesus love revealed john exact representation hebrews came demonstrate romans tell counting sins corinthians jesus died could reconciled corinthians death ultimate expression love john gave everything loved might gain love romans receive gift son jesus receive john nothing ever separate love romans come home throw biggest party heaven ever seen luke always father always father ephesians question child john waiting luke love dad almighty god written barry adams copyright intended personal use reprint without permission http www fathersloveletter com,0,1,0.965495287013853
german nova scotia several decades ago collected interesting songs neijohrspruch lunenburg county nova scotia anyone interested please get touch dwiles ccs carleton ca,0,1,0.6582319936194678
language acquisition analogy pragmatics yes indeed careful star sentence may sentencing star meaning passerby one evening brentwood several weeks ago witnessed cruel double murder testimony broken english required services professional linguist interpret latter nt sure make see j simpson starred sentence result future history jules levin,0,1,0.50078294136309
jesse jessefsckcom strata walked cafe somerville asked getting net then figured shared context jesse jesse reed vincent rooteruditorumorg jessefsckcom ebac a fc db c d a fb eb ac images marc well worn combat fatigues covered mud sweat blood knife one hand psion int restrained several people screaming let let eichin standing calmly something automated milspec likely recoilless monty opensource peer review thu aug small world,0,1,0.5767762796643164
skydive spaceland specials skydive spaceland november december specials www skydivespaceland com one always wanted skydive afford rest year skydive spaceland knock first tandem skydive affordable excuses come change life forever make reservations call sky dive christmas gift certificates looking gift someone seems give unforgettable gift lifetime tandem skydive classic gift certificate framed ready shipment special person make christmas season last lifetime directions houston take hwy south pass beltway go miles hwy take alvin rosharon exit go right fm miles red light fm go right fm mile airport entrance right,0,1,0.7345907257949086
threadless newsletter cplitdgncethreadlesscom email best viewed web browser click link see sent email jmthreadlessjmasonorg longer wish hear us click link instantly unsubscribe thanks threadless newsletter fri aug threadless tees,0,1,0.4038858685127418
joyful abcusa hotmailcom multipart message mime format nextpart c f cf contenttype textplain charsetiso contenttransferencoding quotedprintable attempted deliver message html formatting however email program support htmlenhanced messages please go email settings group change email preference text msn groups nextpart c f cf contenttype texthtml charsetiso contenttransferencoding quotedprintable new message one income living hi im new reply reply sender recommend message discussion joyful bought used suv car dealer offer extended warrenty additional miles years checked online quotes auto extended warrenties chose one offers additional miles years cost us view groups category also msnstart chatting listen music house home try online dating daily horoscopes stop getting email change often arrives go email settings need help youve forgotten password please go passport member services questions feedback go contact us page want receive future email msn group received message mistake please click remove link preaddressed email message opens simply click send email address deleted groups mailing list remove email address one income living nextpart c f cf fri aug hi im new,0,1,0.7412579905934578
egyptian festival http www egyptianfestival com egyptian festival url,0,1,0.8427585162478605
stefano vozza gucweggmailcom p ready chap north wales police chief constable richard brunstrom said campaigning hard drugs heroin legalised past mr brunstrom said drugs laws date police engaged battle win campaigning drugs legalised class b c system scrapped mr brunstroms suggestions already criticised politicians report presented north wales police authority next monday says misuse drugs act replaced new substance misuse act class drug users responsible half crime taking risk legalising dangerous drug foolhardy would wish gamble much health wellbeing children mp alyn deeside mark tami chair authority councillor ian roberts said would full frank debate issue report mr brunstrom writes policy drugs future pragmatic moralistic driven ethics dogma current prohibitionist stance swept away unworkable immoral strategy leads inevitably legalisation regulation drugs report prepared response hm government consultation paper drugs community say forthcoming welsh assembly government consultation wales substance misuse strategy transform drug policy foundation tdpf describes charitable thinktank says drug prohibition major cause drugrelated harm individuals communities nations welcomed mr brunstroms report director danny kushlick said absolutely delighted mr brunstroms paper chief constable displayed great leadership imagination publicly calling drug policy replaces evident failings prohibition legal system regulation control potentially dangerous drugs mp alyn deeside mark tami said claiming legalising heroin way forward blinkered dangerous said drugs policy black white considered approach taken said class drug users responsible half crime taking risk legalising dangerous drug foolhardy would wish gamble much health wellbeing children deprivation poverty alyn deeside carl sergeant said sustainable solution would tackle causes drug abuse said drug use strongly linked deprivation poverty much money invested lifting people particularly children poverty mr brunstroms comments come conwy councils cabinet preparing discuss plans needle exchange machine force want installed colwyn bay wed aug ierant british police chief calls legalisation drugs,0,1,0.5553307249086084
annual conference gldv gldv jahrestagung universitaet regensburg aufruf zur teilnahme die gldv wurde vor genau zwanzig jahren unter dem namen ldvfittings gegruendet die ziele des vereins waren damals die foerderung der linguistischen datenverarbeitung v durch den austausch von edv knowhow und programmen mit der etablierung der computerlinguistik als wissenschaftsgebiet wurde die gldv zum fachverband der computerlinguisten jubilaen sollten auch dazu dienen sich kritisch damit auseinanderzusetzen ob die bei der gruendung des vereins gesteckten ziele sinnvoll waren ob und wie sie erreicht wurden und wie weit eine revision notwendig und wuenschenswert ist im rahmen einer podiumsdiskussion mit gruendungsmitgliedern sollen dieser kritische rueckblick diskutiert und perspektiven furr die zukuenftige arbeit entwickelt werden ein zweiter schwerpunkt der tagung soll auf die angewandte computerlinguistik gelegt werden dabei geht es um die bedeutung die nlp systeme im kontext graphischer und multimedialer anwendungen haben koennen beispiele dafuer sind neuere entwicklungen im information retrieval incl hypertext hilfesysteme anwendungsperspektiven von nlp systemen evaluierung u ae diese thematik wird vier sektionen vertieft werden sektion fuzzy linguistik organisation ch womser hacker sektion gesprochene sprache v anwendungen und oberflaechen organisation e noeth sektion nlp anwendungen organisation g thurmair sektion grammatik und implementation organisation r hausser zeitplan september call papers jan deadline einreichen von extended abstracts feb benachrichtigung ueber annahme der vortraege maerz tagung regensburg april abgabe der druckfertigen fassung der beitraege fuer den tagungsband der tagungsband erscheint nach der tagung im verlag georg olms programmkomitee haller saarbruecken hausser erlangen heyer leipzig hitzenberger regensburg krause regensburg lenders bonn lutz koblenz puetz kiel seewald hannover thurmair muenchen organisationskomitee j krause l hitzenberger ch womser hacker tagungsort universituet regensburg inst fuer allg und indogermanische sprachwissenschaft fg informationswissenschaft auskuenfte l hitzenberger universitaet regensburg phil fak iv universitstsstrasse regensburg email ludwig hitzenberger sprachlit uniregensburg de tel fax url http rsls sprachlit uniregensburg de gldv html,0,1,0.41841027061078906
diskeeper product manager snguxpuqddiskeepercom restore peak performance systems today unable view message click view browser diskeeper powerful defrag software ever built handles millions fragments solves fragmentation little free space highoctane program essential restoring reliability keeping peak performance networked systems diskeeper following benefits enhances overall system performance reliability improves system speed saves time reduces help desk traffic speeds file access list doesnt end best part diskeeper gives benefits real time new transparent invisitasking technology systems constantly improved without interrupting system use get vital tool make systems faster efficient call promo code speak live representative right already tried diskeeper click get obligationfree quote notice periodically send new product information electronically survey individuals voluntarily give us email address hope enjoy receiving timely information however would like remove list please reply email removed received message email address dvqneearthlinknet unsubscribe send email address body message along name separate line emailmanagementdiskeepercom diskeeper corporation rights reserved diskeeper invisitasking mazimizing performance reliabilityautomatically diskeeper corporation logo either registered trademarks trademarks owned diskeeper corporation united states andor countries trademarks brand names property respective owners diskeeper corporation n glenoaks blvd burbank ca tue aug restore peak performance systems today,0,1,0.6625511493368337
help iaupe hay alguien que sepa como se puede comunicar con los ordenadores de la universidad de texas es que busco informacion sobre el programa de educacion bilingue de los distintos condados que forman la ciudad de austin areas limitrofes gracias brett,0,1,0.8257681418757287
snowmail channel news bjhxttys lhgwfchannel com samira lookahead another body found margate focus margate kent tonight police preparing conduct postmortem second body found police continue dig former address peter tobin yearold already charged murder vicky hamilton whose body recovered monday father dinah mcnicol already contacted officers told theres possibility remains may yearold daugther disappeared way home hampshire lucy manning reports scene home affairs correspondent andy davies looking police operation anagram launched september asked police forces round country reexamine unsolved missing persons murder investigations profile provided peter tobin read met plan talks london gangs another strong crime story tonight simon israel latest bold police initiative aimed reducing gun murders see metropolitan police chiefs sit talk leaders violent powerful london gangs scheme based successsful one pioneered boston us ba could face compensation bill suffered bad ba experience past year lost luggage cancelled flights might interested katie razzalls report british airways could face compensation bill running millions pounds failing keep lid deal struck three passengers cancellation flight last february months negotiations ba agreed pay around compensation plus legal costs attempts keep deal confidential failed company could face claims thousands passengers left stranded nine months ago industrial dispute scottish law affects care elderly special report scotland land free personal care elderly supposedly flagship policy newly devolved scotland create equal care pensioners regardless means envied south border labour government ruled five years rosy seems policy chaos judge ruled pensioners entitled money legislation badly drafted victoria macdonald channel news online found deskbound civil servants working iraq afghanistan earning bonuses worth double wages frontline troops read exclusive report join katie channel news services online watch video reports subscribe rss feeds podcasts mobile phone bulletins business close ftse index us dollar sterling euro sterling weather sponsored worcester bosch group insert weather unsubscribe want reply snowmail please email cknschannel com put snowmail subject header hit reply email read thank fri aug another body found margate,0,1,0.5787462218822584
nexor vdgdrfnetpl hi guys id like buy new pc without os monitor normally id go komplett bad experience company id prefer notbranded computer komplett looks perfect wanted try pcworldie website reconstruction moment suggestions thanks advance tomek wed aug ilug buy new pc without os,0,1,0.4744089878403731
joost pvosgprejoostcom check email website click joost whats week celebrity desktop prince harry goes online every paparazzos dream might next wave celebrity stalking doesnt want know todays famous famous people online failing able actually hack computers would settle educated guess watch celebrity desktops featured videos red hot chili peppers available worldwide style evolved years sure always tattoos balance kids drugfree existences songs still anthems enjoyable ever witness transformation watch red hot chili peppers rioheroes final event pits silva v soare live bare knuckle fight league world means two men fighting like animals cant always tell legs belong body upside get paycheck get beat watch rioheroes psychic private eyes mediums solve crimes theres element competition three people either claim psychic powers try solve ageold mysteries figure details crimes find answers episode ends watch psychic private eyes survive streets step escape step hit back step run far fast watch survive streets soulja boy yaah soulja boy teams arab tell people stay way watch soulja boy estelle american boy american boy would probably jump chance date estelle watch estelle click unsubscribe newsletter copyright joost thu aug week celebrity desktop prince harry red hot chili peppers rioheroes,0,1,0.9031408100861327
bloomberg news section home tonight give call disclaimer e mail private confidential may covered legal professional privilege therefore intended addressee one persons must read copy store disclose use distribute contents please also contact sender immediately delete original,0,1,0.7281816995097682
israel spormas tkuiuaz gmailcom hii really liked simlicity triptrackerwhat properties methods available ie control size picture etc x israel thu aug features,0,1,0.7054394832052507
williamssonoma zpqwqzbwshbechenewswilliamssonomacom new perfect endings cupcakes bunnies hippityhop chocolate bunnies add williamssonomaenewswilliamssonomacom address book perfect endings easter cupcakes view email images easter sunday march wouldnt without chocolate rabbit presiding festivities new heirloom chocolate bunnies premium guittard chocolate reproduced antique candy mold combinations dark milk colored white chocolates make unique irresistible williamssonoma exclusive shop easter treats prefer receive promotional email messages us click williamssonoma inc direct marketing dept van ness ave san francisco ca rights reserved read privacy policy message sent tjmcognosysnet thu aug new perfect endings cupcakes bunnies,0,1,0.6737626174202308
dave long dlsilcomcom another thing note australia highest income tax bracket isnt high kicks around usd looks like ppp usd k usd k least big macs australia a usd us usd switzerland sfr usd interestingly enough although housing perth seems cheap housing switzerland doesnt seem expensive big macs would imply dave still doesnt sound bad one convert urban ca equity free clear oz ownership tue sep matter go,0,1,0.5938028870661671
bibi email pb yahoo com,0,1,0.5786082008063014
genie video update received many inquiries outside north america message posted couple months ago video program genie entitled secret wild child number good north america address phone number fax number distributer wgbh p box south burlington vt u phone ask ordering department fax secret wild child produced pbs public broadcasting system part nova series,0,1,0.4979788386905198
russell turpin deafboxhotmailcom gary murphy intend take legal andor violent action people world away culture barely understand let alone understand properly bribe im hopeful method work aromatherapy viagra cant even track convict murderous nigerian mafia blatant spammers fall two categories difficult case whose backend business executed entirely foreign nation spammers youre right theres much except filter various ways vast majority spammers backend business requires native presence debt consolidation mortgages herbalife mlms even porn sites require credit card transactions means people responsible found dont know law specifically exempts lawsuits one yet succeeded important way successful suits takes much effort b result isnt enough deter spammer youre talking action constrained law anarchy people act directly less cost effect spammers quickly would learn lesson except ones ply scam foreign country course thats assuming isps infrastructure anarchy arguing things would work without state involves large degree counterfactual reasoning lawmaker ever even tenth catalyst improving quality life britain western world central heating invention one ajcrapper hmm ive lived life houses central heating including current abode crapper nearly much improve waste management cities public sewers feeds water lines supply without would find chamber pot works well msn photos easiest way share print photos fri aug david friedman mail money,0,1,0.41854547371731304
disc uniformitarianism sex lang dick hudson observations us use aughter vocative thoughtprovoking sure fair attribute sons treated like senior relatives one thing nt normally use brother way aughter hard imagine natural class comprising senior relatives excluding brother another seem differences imagining distinction seems senior relative terms used wider variety contexts e g calling distance get someone attention hence beginning utterance whereas seems natural utterances like yes son hand son ones like son son help although perhaps latter ones completely impossible alexis mr,0,1,0.6112068267967338
thank using register com dear louise thank using register com submit citigroupenergy com registration host helpful register com tools services come citigroupenergy com take advantage following additional charge page web site firststepsite tm tool http www firststepsite com personalized email account http www register com email services url forwarding firststepportal tm http www register com url jump cgi superior customer support hours day days week submit inquiries addition register com pleased offer many valuable services help extend online presence promote site submit web site search engines automatically easy site submit service today http www register com site jump cgi distinguish brand new specialized domain name extensions allow enhance internet presence indicating organization specialty example citigroupenergy biz would identify small business citigroupenergy info would distinguish informational site find pro biz info name go http www register com tldrequests go global register domain names foreign language character sets including japanese chinese french german spanish languages go http ml register com register protect name register com help protect com net org name saferenew tm automatic domain renewal service notify name expiration get back us date attempt automatically renew name one year term please make sure billing information date need valid credit card record take advantage service renew name automatically charge credit card file current renewal price information renewing domain name disable saferenew service go http www register com faq renewal cgi questions comments please visit us http www register com faq submit comments us thank using register com first step web tm best wishes david hirschler general manager vice president retail division register com inc http www register com,0,1,0.7423567133359026
gkmpettingzoonet glen mccready forwardedby per hammer brothel duty australian mp conservative member parliament australia set spend day slave one western australias notorious brothels liberal party member barry haase charity auction madam langtrees brothel mining town kalgoorlie made highest offer services day hope leave informed decision australian brothels help political career make informed decisions might able make ms kenworthy said mr haase member prime minister john howards party seemed relaxed prospect working brothel cant halfhearted fundraising significant charities think im big enough play game said tue aug kind workexperience,0,1,0.4702534766096885
enews small business irsservicegovdeliverycom irsgov banner enews small businesses august tax resources small businesses small business selfemployed onestop resource small business forms pubs small business events efile businesses selfemployed businesses employees small business products selfemployed individuals corporations resources find fast forms pubs electronic irs federal tax gap retirement plans tax information charities nonprofits state links agencies ssairs reporter back top top issue number inside issue order bookmark irs tax information small businesses first tax news sbtvcom second electronically filing forms w w c third businessgov introduces toolkit fourth recent announcements small businesses fifth order bookmark irs tax information small businesses publication tax information small businesses selfemployed provides key search words help locate important tax information irsgov quickly easily order free laminated bookmark small business products online ordering page back top top tax news sbtvcom watch todays sbtvcom news information business provisions economic stimulus package next wednesday learn taxability online auctions esp online auctions video interviews also available irsgov related links fs business provisions economic stimulus act fs reporting auction income tax gap back top top electronically filing forms w w c specifications filing forms w w c electronically efw efw c available social securitys employer website back top top businessgov introduces toolkit businessgov new gadget place web site allows small business owners search information forms contacts federal state local governments find topics current interest nations small business community get listing licenses permits apply business watch videos featuring expert advice successful entrepreneurs small business owners back top top recent announcements small businesses ir irs releases updated drafts corporate partnership tax forms rules home construction projects reg provides guidance taxpayers home construction industry regarding accounting certain longterm construction contracts back top top thank subscribing irs email service message distributed automatically mailing list enews small businesses please reply message update subscriptions modify password email address stop subscriptions time subscriber preferences page need use email address log questions problems subscription service please contact supportgovdeliverycom service provided charge internal revenue service irs internal revenue service constitution ave nw washington dc wed aug irs enews small businesses,0,1,0.5069956828268617
chun bing ge elsgcnibmcom hi patch question pls let know thanks homespringperlperlcurrentlibmodulebuildtmbyamlt homespringpatchchgfilelibmodulebuildtmbyamlt pi fun under sun undef undef expected eof orda expected eof e pi fun under sun eof else expected eof e fun under sun eof got modulebuildyamldumpvar isgot expected dump multiple various test single array ref turns one document expected eof orda expected eof e pi fun under sun eof else expected eof e fun under sun eof got modulebuildyamldumpvar isgot expected dump single array various ge chun bing thu aug libmodulebuildtmbyamlt failed ebcdic platform,0,1,0.5024944445192377
red rock open attachment call,0,1,0.5760798885673177
dynegy letter san diego gas electric http biz yahoo com bw html,0,1,0.7363168487352122
sharper image offers rngnsqsmjhgdegbirnmsharperimagecom trouble viewing email view online ensure emails delivered please add rngnsqsmjhgdegbirnmsharperimagecom address book sharper image view top customerreviewed products check website see latest customer reviews great products recieved least stars roomba vacuuming robot irobot stresseraser alcohawk pro digital breath alcohol detector sharper image professional ionic conditioning ceramic hair straightener oneinch plates amazing selection products sale shop online find store order phone wish receive email us unsubscribe view privacy legal policy sharper image embarcadero sixth floor san francisco ca fri aug top rated products,0,1,0.7242164380610306
linguist phonetic request information dear linguist request information regarding kinds pronunciation possible person tongue purpose editing novel set th th century spain man tongue removed root may speak seen sounds would able make wound healed practised much moment uses lot sibilants would imagine impossible except kind sshhing sound limited knowledge thought limited labials fricatives p b f v w h vowels words presently attempts articulate listed tongueless approximations forthese would gratefully received take velaz ammar muwardis happened yes galleenus care jehane eliane sorry nt think historic pronunciation spanish moorish need taken account could please reply seaboyer epas utoronto ca many thanks jude seaboyer,0,1,0.474774984537764
eve jones zpxkjyzhaderantcom march north shore city residents recycle plastics numbers one seven displayed recycling triangle base side item previously plastics residents could recycle plastic bottles numbers one two north shore citys waste contracts coordinator nic quilty says recycling markets plastics graded three seven unstable recycling process relies heavily economic viability sustainability markets recyclable items secured markets plastics numbered three seven significantly reduce amount rubbish going landfill says detergent bottles ice cream container lids tubs plastic plates cups dip containers yoghurt containers squeezy bottles put mobile recycling bin make sure base side item recycling symbol number one seven doesnt go mobile recycling bin collection says important aware one exception although polystyrene meat trays hot drink cups packaging recycling grade six placed mobile recycling bin yet secure viable recycling market says ms quilty please remember wash items squash placing mobile recycling bin ensure fit extra items know may seem big thing lot people personally always annoyed able put plastics bin spread good news attention email message privileged confidential intended recipient please delete message notify sender views opinions presented solely author thu aug good news recycling plastics,0,1,0.6007788843347912
billing question thank message credit card want use currently stored system want update billing information card number getting answer credit card already use card good standing absolutely problem card never problem understand system failed think problem mine discover last digits expiration sincerely w kaminski p called discover told account pefect shape expected said must bug system,0,1,0.4050989997910064
office administrator needed please feel free forward senior financial advisor american express financial advisors woodlands tx someone knows experience helping run office fast paced environment interest financial world would love visit offering competitive salary great work environment fabulous learning opportunities unlimited growth potential benefits included position purpose assist areas financial planning marketing administration tasks include limited setting appointments clients completing applications communication corporate office confirming appointments ordering supplies typing letters staff management please feel free forward resume call directly number listed make great day byron w ellis cfp clu chfc american express financial advisors town center one lake robbins dr suite woodlands tx phone fax,0,1,0.857575804111007
godaddycom wjysgzgodaddycom dear tony meyer four times many mobile phones sold pcs thats billion people cell phone access internet start talking directly mobi domain extension designed specifically mobile internet mobi name site work mobile phone operator mobile revolution heating get mobi domain mobi domain go daddy tell world site mobilefriendly mobi recognized worldwide toplevel domain mobileoptimized sites ensure mobile compatibility unlike adding com name mobi address guarantees site work mobiles dotmobis free guides ensure adherence enforceable open standards enjoy free extras including pointandclick mobi web site builder hosting quick blogcast personalized email photo album save order march get mobi first year order online godaddycom phone use source code gdp b get special savings hurry offer expires march thanks always go daddy customer sincerely bob parsons ceo founder godaddycom place offer code gdp b cart order save share offer family friends plus icann fee cents per domain name year price valid first year sale price applicable renewals transfers sale price reflected shopping cart checkout offer expires march midnight pacific time limitations apply source quick blogcast free web site email account valued yr purchased separately free hosting photo album quick blogcast services adsupported comparison prices accurate subject change without notice go daddy always looking internet safety learn verify legitimate emails detect email fraud visiting godaddycom clicking security center go daddy unsubscribe instructions wish receive special notices please unsubscribe mail us written request attention godaddycom customer contact manager n hayden rd ste scottsdale az please allow two weeks complete unsubscribe process take place note multiple accounts us must opt mailings fully discontinued copyright godaddycom inc rights reserved wed aug connect mobile internet users savings,0,1,0.4026203732667834
addition family jennifer happy announce birth makenzi reigh glover born may weighed pounds ounces inches long mother baby fine send pictures later time see www phscare org click new arrivals password born presbyterian hospital dallas talk ya soon rusty,0,1,0.8968397068631482
eoin parker gctofuidgmgmailcom advice mate lived nearby got bt mb good reliable fast cuts eircom billing problems yet area bt supposed fall get billed incorrectly good luck sorting torrent sitesespecially private ones require fast upload speeds fri aug ierant perlico,0,1,0.6845669042399333
cnrlgqjyukattackcom dear phelim oconnell pleased advise added registered user kattack please read following information carefully sure save message safe location future reference portal website address username sigma ood password phelimoc please take opportunity visit website review content take advantage many features thank appreciate support kattack email passed ie internet mailwall gateway screened known viruses potential viruses malicious code ie internetcom mailwall wed aug kattack new user registration,0,1,0.5205269435564226
harleyargotech robert harley cdale urled thusly assumption females species tend less promiscuous males simply fit facts hrdy contended well duh perfectly obvious heterosexual promiscuity exactly precisely identical males females course shapes distributions may differ r sat sep cest selling wedded bliss ouch,0,1,0.4143672383706307
foodtownwoolworths gjaofwrjehprogressiveconz cant view email properly please email us request different format please add gjaofwrjehprogressiveconz address book assist receiving emails go foodtown go woolworths dear tony great wine deals favourite wines wine sale week taste wine sale corbans homestead range ml save limit matua valley regional collection ml save nederburg range ml save nikau point reserve chardonnay ml save selaks premium selection ml save crawford farm range ml save gunn estate selection ml save hundreds specials store wide wine lover hundreds grocery specials well pick pack deliver door visit us soon t url ody link wed aug stock save super wine offers,0,1,0.6607823445192095
judging eisteddfodau would like information awardgiving eisteddfodau particularly someone taken part number please respond directly ormsby servidor unam mx diolch fawr harold ormsby l centro de investigaciones estudios superiores en antropologia social ciesas mexico ormsby servidor unam mx,0,1,0.5329640318242947
new update buybacks two additions airproducts petrofina,0,1,0.5109439573647381
ainsworth books ainsworthdccnetcom approached someone saying represent canadian merchant association switching moneris anyone dealing reputable cant find website betty ainsworth books ph po box c th street fax delta bc v e a cell canada mailtoainsworthdccnetcom betty wayne kilner owners terms sale prices us funds books returnable permission within weeks receipt payment methods accepted cheque money postal order visa mastercard american express paypal id ainsworthdccnetcom dust jackets enclosed protective mylar ship internationally us canada offer usps media priority shipping us customers charter member ioba independent online booksellers association iobabookscom safe reliable guaranteed search inventory bookscanada mailing list bookscanadaramsaybookscom wed aug bookscanada query credit card processing,0,1,0.8689821536967179
shipment confirmation thank shopping radioshack com order scheduled shipment following address daren farmer clarkston spring tx inquiries regarding shipment please use package tracking number visiting web site upsn contact telephone order center order number trk lz appreciate business look forward serving future sincerely radioshack com customer service contacts email ordercenter radioshack com phone,0,1,0.4066572899862783
martin adamson martinsrv emsedacuk electronic telegraph emigrate russia thats steppe far filed think youve got bad fed folkestone bored birmingham sick sheffield per cent britons according daily telegraphyougov survey week dream stressfree life sunnier climes perhaps heed word friendly advice realities living abroad kommersant russian daily newspaper yesterday offered dissatisfied life blairs britain taste expect choose emigrate provincial russia reading gripes affluent britons tongueincheek article admitted however grass always greener side inhabitants foggy albion keen travel could go russian city deep provinces things quiet said kommersant central russian district life british standards unseemingly cheap remarkably laid back am working population becoming traditionally relaxed time elevenses britain perhaps opportunity quiet cup tea chocolate hobnob known russia wolf hour named soviet times am wolf appeared famous animal clock obrasov puppet theatre moscow also opening time nations vodka shops vodka like spirits cheap kommersant pointed money briton earn selling even shabby house would enough support local standard living rest life local shops full would need could buy bottle whisky kopecks kopecks ruble ruble currently worth halfpenny sterling whisky cheap however unlike anything average briton consumed made samagon homedistilled moonshine vodka coloured tea popular beverage rural areas among diehard alcoholics alcohol plentiful cheap food may easy come newspaper pointed traditional british foodstuffs selected oxtail soup example short supply however wealth british settler overcome difficulty modest reward russian villages locals would happily cut tails entire collective farms herd cattle one two potential emigrs might deterred language difficulties english speakers found among green hills tula mongolian border however kommersant pointed language difficulties considered deterrent per cent britons nominated france country would like live france russian paper claimed country english known beggars belorussian prostitutes russian tourists despite low cost living easygoing lifestyle russian weather remains major stumbling block britons even temperate regions winter temperatures c common somewhere like sakha republic east siberia coldest place world enjoys one month summer endures winter temperatures drop c houses built concrete stilts permafrost makes digging foundations impossible russian paper word reassurance acknowledging climatic problems said thanks global warming difficulty solve kommersant also answer labour crisis would created britain per cent citizens decided opt life russia thirtythree million russians could sent britain replace million leave think required number could probably found amongst citizens unfortunately million russians however one britons surveyed wanted move abroad nominated russian steppes preferred new home yahoo groups sponsor dvds free sp join unsubscribe group send email forteanaunsubscribeegroupscom use yahoo groups subject wed aug zzzzteana emigrate russia thats steppe far,0,1,0.433894860575555
gardeners supply fkteidhirenewsgardenerscom flower power fundraising email sent gardeners supply click see online gardeners supply proud present flower power fundraising schools churches scout troops nonprofit organizations raise money causes company supplies top notch plants whats even better get profit satisfaction guarantee every order click email learn great new company dont lose touch us please add fkteidhirenewsgardenerscom email address book ensure emails reach inbox bulk junk folders trouble viewing page click unsubscribe info subscribed tjmcognosysnet would like change modify subscription unsubscribe please follow link call gardeners supply company intervale road burlington vt tue aug gardeners presents flower power fundraising earn profit,0,1,0.6528093846274741
fw first day subject first day first day god created cow god said must go field farmer day long suffer sun calves give milk support farmer give life span sixty years cow said kind tough life want live sixty years let twenty years give back forty god agreed second day god created dog god said sit day door house bark anyone comes walks past give life span twenty years dog said long barking give ten years give back ten god agreed sigh third day god created monkey god said entertain people monkey tricks make laugh give twenty year life span monkey said boring monkey tricks twenty years think dog gave back ten okay god agreed fourth day god created man god said eat sleep play sex enjoy nothing enjoy enjoy give twenty years man said twenty years way man tell take twenty forty cow gave back ten dog gave back ten monkey gave back makes eighty okay okay said god got deal first twenty years eat sleep play sex enjoy nothing next forty years slave sun support family next ten years monkey tricks entertain grandchildren last ten years sit front house bark everybody,0,1,0.8197134754650593
youngho lee eywwgistackr ifip entertainment computing news service send news xqxqlistservertuenl note please reply articles originator ifip ec news service wed aug ifipecnews sixth international symposium ubiquitous virtual reality gwangju korea july,0,1,0.6478355069886319
find perfect vacation package dear daren farmer time take break go somewhere wild fantastic make travel plans happen one place expedia com great packages include air hotel cases car pick destination month want leave show everything available look yellow star find packages greatest value http www expedia com daily packages also get free copy expedia travels magazine yet premiere edition packed information show use web travel smarter get free copy today ode adt bahamas cruise nascar heroes meet top nascar drivers four night cruise bahamas port canaveral get attend photo opportunities get autographs take part trivia contests test skills remote control car see new places http www expedia com daily travnews faretracker low fares designed fare tracker help find great fares listing lowest fares found fellow travelers routes selected change fare tracker subscription made easier find lowest fares send faretracker mail sending lowest fares found expedia customers unfortunately unable track fares possible airport pairs world three airport pairs faretracker subscription longer supported please click log expedia choose hundreds airport pairs currently track fares check route fare options flight wizard special deals handpick best offers promotions bring excellent value unforgettable experiences take five nights wyndham time slow call sick get town especially save next stay wyndham hotel resort five nights find travelscape com philadelphia package stroll one america historical cities savor delicacy classic cheesesteak sandwich package includes airfare two nights radisson philadelphia hotel uniglobe com cruise west coast take day enjoy three day cruise san francisco vancouver b c get stop victoria b c excellent shopping perfect getaway long weekend go today london land package spend six nights getting know beauty london summer package includes accommodations transfers daily breakfast optional sightseeing tours great way experience slice europe looking great deals expedia com see special deals sponsors cool one hyatts summer deals hyatt touch weekends per room per night including valuable extras getaway weekend rates best available rates upcoming weekends sunshine sale free nights resorts details see http ads msn com ads expftr hyattl asp thank traveling expedia com expedia com travel team travel travel right http expedia com receiving e mail registered member expedia com expedia membership free privacy credit card security guaranteed questions visit expedia com service center http www expedia com daily service wish receive e mails us please reply mail unsubscribe subject line apologies reply responses fare tracker questions want give feedback click c expedia inc rights reserved email sent dfarmer ect enron com attl htm,0,1,0.8020475799093756
colingacl last call participation colingacl last call participation avoid lineups hassle onsite registration pre register colingacl come montreal via online registration form available conference web site http colingacl iro umontreal ca detailed instructions provided registration form look forward seeing montreal colingacl organizing committe,0,1,0.6907433625319039
davidtomgardnerfooladvisorcomsubscriberfooladvisorcom receiving email signed receive one free reports would prefer receive messages type please unsubscribe following instructions bottom message dear fool enron plunged wall street analysts still urging buy enrons stock company piled debt manufactured imaginary earnings auditors gave balance sheet big thumbsup investors lost everything enron insiders pocketed millions make every investors blood boil frankly enrons global crossings world infuriate backroom manipulations dirty dealing coverups really make hard know trust weve created new investing service david tom gardners motley fool stock advisor bring motley fool cofounders extraordinary commitment honest stock analysis fair dealing complete disclosure investors like regular timely basis motley fool david tom founded back dedicated principle given right toolsthe average guy find great success every aspect financial life david tom applying principle extensive investing experience new motley fool stock advisor youll see service isnt buying stocks goal publishing motley fool stock advisor twofold help gain knowledge confidence resolve make money us stock marketwhile avoiding biggest mistakes well wall street analysts touting global crossing said worldwide fiberoptics network would make king telecom shares worth nothing microstrategy poster child technology bubbleafter earnings restatements stock sits high kmarts lousy inventory management marketing incompetence helped drive company bankruptcy nortel lucenttwo americas widely owned stocks ever come back aol merger timewarner mean glory days begun telecommunications companies truly danger disappearing survive great old names like jp morgan disney motorola recover well sorts questions david tom gardner help answer motley fool stock advisor say show us money comes making promises fasttalkers fudge anything cash flow doesnt lie avoid lot big mistakes simply making sure company cash coming pay bills watching cash flow also one best ways identify superstar companies far reliable earnings manipulated ways sunday eliminate big losers equation target true superstars youll find investing funless stressfuland much profitable well forget wall streets damaged goods companies boatload debt accounting woes well keep simple instead simple means investing companies little effort understand companies know businesses theyre really companies financial statements actually mean something companies easily recognizable best breed free report received one stock keeps wall street buzzing read one david toms favorite investments starbucks company came along folks took coffee granted certainly one proposed farreaching business model built around yet innovators took lowmargin commodity built near billion company retail outfits around world starbucks able open new outlets based money earned existing ones astounding testament economic power motley fool stock advisor well help find truly understand great investments companies solid balance sheets real growth prospects right following companies americas prestigious jeweler brand name rival net margins sales billion company great pick solid returns low risk software company commands video game market shares returned since public debut investment worth video game market expected double company enjoying lions share growth premier credit rating company lockedin demand reports creditworthiness borrowers holding trillion worlds debt year record consistent sales income growth poised another stellar year try motley fool stock advisor six full months riskfree dont prove worth doesnt cost dime charter subscriber get motley fool stock advisor delivered home month monthly betweenissue email fool flash help take full advantage breaking news full use motley fool stock advisor subscriberonly web site featuring current back newsletter issuesfull updates selected stocksq aand plus introductory special reports exclusively new subscribers join riskfree charter subscriber david tom gardners motley fool stock advisor simply click sincerely mike bell publisher david tom gardners motley fool stock advisor ps like big profits investment pros sniffed america onlines highflying stock screamed overvalued gardners saw three things overlooked aol building premier stop cyberspace great retention strategy millions members paying every month tom david bought today theyre sitting whopping gains see structure investing strategy avoid big blundersthey make lot money try motley fool stock advisor riskfree click unsubscribe hope email message value however wish receive future messages please unsubscribe going following web address note unsubscribe replying message please use unsubscribe remove subject line mon jul mon jul edt cash flow doesnt lieeven todays rally,0,1,0.7535637470891895
pace university evppaceedu messages quarantined potential junk virusinfected messages sent inbox deliver message inbox click deliver link view message message center click subject link junk messages iapjdsrjqaqxuumbdaytonamigcom fwd thanks ready lend cash pm atziyshzphyjfthmatziyfengshuifortunetellingcom reduce debt debt pros pm rhkfvyfpaskwapdopensourcewindowsorg designer footwear gucci prada chanel pm qdbwepkqjmfpnpperfectweddingguidecom size genetics warning pm tqhlqvpalzpccnb cnbcitibankcom urgent message citibusiness pm wognlfmccrvbsblqkidscomcom reduce debts professional way pm hnswgmzfzzxadviescoordinatiebe valentines day special year pm rovvmhpdigtscom save medications discount code rhgjq pm qlkhatomiccom pm ngrpfreenetde phallus size ruin life product stop pm igncalltelnet masculinity needed expressherbal big phallus pm gwgmxjzwuvddepwugwgmxjzwsecondstorycom exclusive watches pm xngrwowbmnkzvizuxngrwowbascensionresearchorg free money free fun pm gwbwolgafilippovacom happiness pm dfnlfpwqwiqxaxvqdislam com reduce debt debt pros pm snvquqdpulseinccom feel like major player new edset pm stebnnwxywempytysmerriamwebstercom fast solid erections pm rwwqfxrkkbfbx dkpeppercomcom girl satisfied due smalldick dirh wbgulmi c pm zejgbopucpedupe solution safe pm sgixpebolizszmrysgamericanromneyorg enlarge home today pm hjpudqvcedarvilleedu regain natural health pm rvwmwdjulkvtbpxwrvwhtmlhelpcom erase credit card debt pm tehdzquiawaqbjmthursdaynextcom slots multihand singlehand blackjack cfgesukpsicom tag heuer replica models q kkqrsaaahoosiercom tedmarkowitz iwdzvbolhkaispcuiwckdhrcom buy direct forget department store prices gucci prada chanel bgwlzebpngorxvalexrosesteelecom unlease watering hose inside pants vsvjgzaufxumrtrlvsvjgthenationcom legally cancel credit card debt byhnqivocujitqeobprocessingblogsorg real penis enlargement prftzzlflpssgeavprftzzlopenofficeorg wholesale prescriptions ndqsobbecxaqgrpfbritanniacom youre us join new casino paradise kreivitabriyahcom ksipelil ssypuznaxelocnnejp dont average man expressherbal lift top hwatdingqozhmztqhwatdiastereostudiocom lowest prices possible rolex jwbbsaefhfjulnyxjwbbsaefluxistcom erase credit card debt gejlcymcanycorg real truth phallus size new product gabowbtecnoconsultcom struggle diseases zwwbslavantagesnet regain natural health kvswrybfhumboldtedu dcks small vptpachecoscom changed life herbal joczfijnhrrzgiksjoczfdickdurbincom zepexgzdbyjxqzblnewadventorg luxury designer shoes boots men women gucci prada chanel xzlmayjcpcarrefourcom express true love woman dxkluaxelocnnejp prove manliness take expressherbal man vzgbfiqhulvjmqlevzgbpgatourcom penis enlargement scams get truth qmcehazsonkhlyqmartinfurniturecom ultimate libidoed cure grmkfbw abbientenet solve d ckrelated issues clicking qemdseagatecom new crazy britney video vjkznnappqnqkpxmvjjoeypinkneycom unbelievably low prices pfvcycshxpxiivivpfvcymerriamwebstercom get download casino aeljj hwmidohionet watch cartier omegarolex chanel tag heuer breitling eu i u qmirfkof yk aszjzggatomiscom save pharmaceuticals discount code eql v vjzlinviquelcom works sexual stimulation idzpsabxijyqyxzxirefunddomainscom free shipping designer footwear chanel gucci prada dior ugg pm vwssnrbkwonwpuvuvwssadobecom top penis enlargement get real results pm vmmdlowwlwxyzuzjvmmmerriamwebstercom fun winning pm idqaorofumwukfwlidqabalibagocom mens choice ed pm umnqmhttbnbmlhatwikipediaorg beautiful timepieces pm wed aug quarantine summary,0,1,0.6588173204811735
mail delivery system mailerdaemontelepunt maildemonnet message created automatically mail delivery software message sent could delivered recipients following message addressed meow p epoqdemoncouk failed collected days copy first part message including headers start returned message received punt maildemonnet mailstore meow p epoqdemoncouk id sun jun gmt received dogmaslashnullorg punt maildemonnet id aa jun gmt received yyyylocalhost dogmaslashnullorg id g n gr meow p epoqdemoncouk sun jun date sun jun messageid g n gr dogmaslashnullorg yyyyspamassassintaintorg justin mason subject away mail precedence junk mail automatically generated vacation program reading mail fact reading mail intermittently june im travelling around world mail regarding immediately attract women pvwpj read point youre writing something netnoterelated please contact nicola mcdonnell spamassassinrelated contact directed spamassassintalk mailing list craig hughes sitescooperrelated mail go webmakerelated stuff goes guessed probably read mail eventually take see june j end returned message wed jul mail delivery failure,0,1,0.5087294804089664
john hall johnhallevergonet forkadminxentcom mailtoforkadminxentcom behalf james rogers subject curse indias socialism tue ian andrew bell wrote finished routine quadruple lutz laying hundreds thousands workers came crashing nobody guaranteed employment laying people crime immoral companies dont exist provide employment closest thing us government job look quality breeds focus fact laid fact hired first place btw saw someone claim aside efficiency market also gains society irrational behavior society business people systematically overestimate chances bad businessmen net big gain society social level law averages works societies benefit manner cant individual key reason view us wound outperforming england english investors rational societies good except course us investors bilking build canals railroads thanks guys applied telecom lot dark wire glass innovation eventually used pennies dollar benefits society costs investors tue aug curse indias socialism,0,1,0.4068847545970024
fwd fw difference fyi jana return path received rly yhol mx aol com rly yhol mail aol com air yhol mail aol com v rl esmtp wed oct received texasmonthly emmis com texasmonthly emmis com rly yhol mx aol com v rl esmtp wed oct subject fw difference alexana wellsfargo com jlpnymex aol com kingair aol com mdesanto minddata com kwgre aol com pmarb yahoo com x mailer lotus notes release march message id nalexander texasmonthly emmis com date wed oct x mimetrack serialize router tmnto aus txmo release july pm mime version content type text plain charset us ascii texas monthly want big texas nancy alexander account executive forwarded nancy alexander aus txmo pm karen burke sloansimmo yahoo com ccgarcia prodigy net cbsbcol aol com sschrump ziplink net hosty maria pm yvonne anguiano tanya davis us pwcglobal com onza pdq net lisa elledge proyecto yahoo com hughes jennifer anita zmolek aus txmo txmo nancy alexander aus txmo txmo cc subject fw difference texas monthly want big texas karen burke phone fax forwarded karen burke aus txmo pm jacquelyne keefe bassw swbell net karen burke aus txmo txmo elizabeth wallace fulghum aus txmo txmo lanette varnadoe aus txmo txmo simmonds pdq net cc subject fw difference texas monthly want big texas jackie keefe wallace retail advertising director phone fax forwarded jacquelyne keefe wallace aus txmo karen thompson tim marron suzanne waller shelley smelley marron net pammy poindexter molly vaughan melissa garlington mary marron pm margie aunt boggie marron liz rotan julia joanie seay jenny clark brown jackie wallace gmommy clark george kkempl aol com jflesher kprc com akdwyer yahoo com cara clement yahoo com merrie mail evl net krichardson texasnf org kprice texasnf org ddeleon texasnf org rfreeman texasnf org dbadura texasnf org karen thompson cmlucas swbell net annie aol com bmratch yahoo com sarah thedykes com laura thebairds com mtucker datamate com colecaroline hotmail com mark meador us arthurandersen com robert muse dmoriniere swbank tx com joanna latham merritt pappas chip rives reagan rives angela hilary corey pond jeffrey smith kent winfield date tuesday october pm subject fw difference original message jennifer p toomey us arthurandersen com sent tuesday october pm aford bpl com birdsbecca aol com bwilliamsl austin rr com ckmattingly hotmail com cshirley ccj law com cwilliams texasnf org ewells nrsc org jill goldstein mbao bus utexas edu halejulie yahoo com hollyk aol com lsm columbia edu mtucker dpj com sew flash net elizabeth reid turner com rskappraiser email msn com tehunt aol com wdtiidd aol com subject fw difference forwarded jennifer p toomey pm brian seiler aimfunds com fritz weiss aimfunds com jean miller aimfunds com charles hebert aimfunds com sue hendrickson aimfunds com ralph terry aimfunds com gormanab mindspring com alysonfisher yahoo com amandam microsoft com adjohnso students uiuc edu knocks ecsis net cbidding post cis smu edu mpblalock aol com gmbl compassbnk com bcahal acxiom com carle wt net cmiller rice edu connelly mcgreevy gs com gnconnelly aol com dawn beach bowne com aimeedodson aol com ddominic temmc com heather k doyle ac com aeasterby lrmm com ferikson mdanderson org rtfass fcflaw com fguinn flash net tina hoffman petrocosm com rhurt lctn com wingram ddsep com jrcoastal aol com jennyv dpwpr com jbandctaylor mindspring com keasterby aglife com jkiani coair com kianim epenergy com kristen kors weil com brittonk perryhomes net katek com clipscomb kma com kaymassmanlobb yahoo com mm lucent com cjmandola aol com mikebid earthlink net nataliebiddinger yahoo com steven w murray ac com jpecher ect enron com receskim perryhomes net jennifer p toomey cvanos texas net jennyv dpwpr com kwehner brobeck com elizabeth keen com david wolf chase com cc date jackie mcgreevy aimfunds com subject fw difference year jfk wins election receives vote per precinct illinois votes votes per precinct missouri votes votes per precinct new jersey votes without votes election goes nixon vote matter experts say closest election since agree join bush e train forward e mail friends colleagues click link enter e mail http www georgewbush com bn asp pagemode frontpagesignup goal e mail addresses spread word get vote part history get bush e train join become one largest grassroots movements ever make difference receive e mail nov says president elect george w bush thanks paid bush cheney inc http www georgewbush com unsubscribe please go http www georgewbush com unsubscribe asp email yolaa earthlink net change e mail address subscription information please go http www georgewbush com mygeorgew asp internet email confidentiality footer privileged confidential information may contained message addressee indicated message responsible delivery message person may copy deliver message anyone case destroy message kindly notify sender reply email please advise immediately employer consent internet email messages kind opinions conclusions information message relate official business firm shall understood neither given endorsed,0,1,0.46459662473794083
payroll distribution notice delay experienced receipt payroll direct deposit advices today payday payroll direct deposit advice available monday afternoon view pay information today please utilize ehronline please assured delay impact deposit funds bank account questions access ehronline please contact payroll adr,0,1,0.8164228506733677
locked storage roosevelt hi received several calls today regarding locked storage door roosevelt keys front lobby door condos closed escrow yet troubles common elements keys access codes etc property mgmt company cmi brad atchley community mgr help situations please call brad atchley questions needs x vancouver email brada communitymgt com hope enjoying roosevelt condominium kirstin boettcher jeff burghart p c hasson company realtors,0,1,0.40680928821045964
movieshack fzlhqllfimovieshackconz dear tony new mail movieshack message centre thank movieshack system generated message please reply via movieshack message centre fri aug,0,1,0.6353962679838353
promotion congrads,0,1,0.433073262738639
think need quick conversation minute,0,1,0.626248286758816
mike fahey cxkomyenternet anyone rules c n d an p h rm cy v a g r c l s l e v r f e male v g r a u l r items al e today grab supplies last thu aug rules,0,1,0.8619796798411846
zee roe asyyrawbwcom jayz signaling recession submitted mark olson october pm filed federal government something quite alarming recently released blue magic music video song wildly successful rap artist businessman jayz album songs accompanyinginspired ridley scott movie american gangster starring denzel washington russell crow wasnt sex drugs violence explicit language shocked conscience euros jayz video flashed large stacks euros start seeing rap stars flashing euros instead us dollars know economy trouble jayz carries lot weight look happened began boycotting cristal champagne sad rap stars longer show style good old us bills featuring president mckinley need flash euros featuring sort suspension bridge dont need chairman federal reserve tell state economy need jayz new alan greenspan dont blame jayz stack euros would equal us currency youd need bills equal stack euros dont know even jayz large money clip start seeing rap stars throw around canadian loonie know economy really trouble thu aug fork supermodels euros,0,1,0.42705427794904466
may pay advice message inform information contained printed pay advice pay period ending may may misleading regardless whether single multiple direct deposits net pay correct pay advice indicate pay deposited collectively bank list specific bank accounts however view pay advice ehronline able confirm scheduled direct deposits verify accounts deposits made may access ehronline view pay advice taking following steps click following link open ehronline ehronline enron com read disclaimer click accept type sap logon id e g p id user id field enter sap password password field click logon button select paycheck inquiry drop list click radio button next results period select default may pay advice click continue button click link pay period display pay advice scroll bottom screen view direct deposit details additional questions pay advice accessing ehronline please contact isc customer care group isc hotline enron com thank,0,1,0.6182827080579744
pace university evppaceedu messages quarantined potential junk virusinfected messages sent inbox deliver message inbox click deliver link view message message center click subject link junk messages rb cuwunknuwasphorg chosen take part yearly direct sale top brand name shoes prada dsquared chanel pm wibtwnugjmeqjhasbrocom fwd thank ready lend cash regardless credit pm renstealthpromotionscom satisfaction guaranteed pm vhiodfatomiccom watch arrived today pm zwupgwjcyzrnnasczwupgwjnewangelesmonthlycom eliminate debt take action today pm jbgepxycfnaporbsjbgafghanwebcom penis enlargement pm bhtafxlgwzsvpqexbhtacoolmyspacecommentscom save top designer brands shoes uggs pm hosqnzbtycyxpaceedu february pm gnrcqvrmopag ggraphicdesigncom never laughed prove wrong pm umbicpentasoftes love pm bbbncoxwactaxzcabbbncopcpitstopcom legally erase credit card debt pm yjburyxwinternetcom increase girth lenght pm zyvbmobilpostcom save drugs discount code b pyo pm oeqxsthwjavmutynoeqxsthwjstarwarscom cant beat ceos join pm llyjocyzzekosardldenverconvention com penis enlargement facts pm ykaqbdavkjchdkwudirectstartvcom beautiful timepieces pm qcalyppmcocom valantines pm dqgvztpjfapyqrwknobshingesandmorecom erase credit card debt pm twfvixmmsjqdcqbytwfvixmopportunityhoustonorg biggest firmest erections pm qxlkjeajcarrierutccom lovetrain pm wnvywjtiwkysazebwnvywjtiriskglossarycom thatits fun winning pm dti wyxiztieievskdtiwfwgscom free shipping designer footwear chanel gucci prada dior ugg pm ftxbegafahxxqqmkftxmongabaycom brand name top designer shoes boots gucci pm qncvbuqxugwjwhrpqnclaptoporg erase credit card debt pm twubdyitdesplainesorg thinking u day zlymsncom check best seller watches zjkazxgptwvjmghpzjkazopsshopcom love guy lhdems wxcom give girls something stare agrkanuhxxfjxmtqagrkafreedesktoporg nominated degree xvpxbbgaijerhxwsxvpxbfunagaincom penis enlargement facts sender subject owlxrqbmlcom tag heuer carrera watches tcweflddnvkmasiacollectioncom nopeuska nykiwwmobilyarehbericom love rose pwdydljhncetxnfbloggingstockscom legally cancel credit card debt ftblhcojqibubdiiftblhcbsnewscom join new casino paradise hosqnzbtycyxpaceedu february hosqnzbtycyxpaceedu february amuhtvheavencom save medications coupon yhjhn tqfvigardengatemagcom sexual stimulation bpkwpyjvchermaksaabcom envy football team walk away cheerleader bsabizmparagongroupcouk hearty wish vycxryijrfaojiksvycenablingorg exclusive watches rolex fjziinpsjsganygtfjztucowscom mens choice ed uamqvauqkibtobinbrotherscomau sweetest things arent things xnshkgdlucentcom watches cdyaondzrchmukjucdyaonengadgetcom reduce debts professional way ff ehldaabramsandsmithcom save top designer brands shoes uggs gucci chanel prada dior ldciiscmfouymqhfldciiscmyourdictionarycom welcome bonus deposited new casino account mlvxsdercom waiting breitling qovcvvewslukoilcom watch arrived today aqdccgydubuquenet valentine czdwfcmruljxkzqfczdwfcmrpeirceorg penis enlargement pvuqinuftpypsbxkreuterscom unbelievably low prices tpxmvmxdkvhlmlmhtpxsdmccom award waiting nomination eldwzlpfumapleleafmailcom girl satisfied due smalldick v dc mrl mdnbffjevkyaahfamdnbffjua gocom reduce debts professional way tpwteliacom naked brithey spears iwgcuxrenvvjprfrmmcjpcom stay heart pvunatomiccom keep erection gzeoeyfaxsavcom works sexual stimulation avpfstircrazycom lovetrain ramenabdlcom hot chicks dig big dlcks xskdnrkyepvisitorkoelnmessede love train tdzufjajrpvwunaktdzukacdcorg relax fun poker byxfddupgcwluopobyxmuharraqistudioscom blue pills mg online pm xarortjhccfxltxdxarollingstonecom erase credit card debt pm euotup comcom watches pm cxydrmultexinvestornetworkcom save meds discount code cmwxw pm gckjmihvprufmlgpostgazettecom top brand name shoes prada dsquared chanel pm lxqctvtuetkiavfqlportangelesschoolsorg nominated degree pm eroiwrqlblsjpccom heart pm uimroqjcuyjflqcouiusatsorg top penis enlargement get real results pm ssfatpcugnqnpzpzssfatpcubeginningexperienceorg luxury look without spending much pm jngsgzepilepsycom swastika pm wpfec com chopard watches pm qpeshwcayosnet dont let women laugh tiny tool enough enough pm wed aug quarantine summary,0,1,0.6576724970950256
fwd billing question return path received rly yao mx aol com rly yao mail aol com air yao mail aol com v esmtp mon jan received abbott office aol com abbott office aol com rly yao mx aol com aol esmtp id gaa mon jan est received sunphol ops aol com sunphol office aol com abbott office aol com smtp phne id gaao mon jan est received sunphol ops aol com smi smi svr id gaa mon jan message id date reply subject billing question dear wincently america online would like thank spending time write us name ellen appreciate opportunity assist regarding recent e mail reviewing account shows annual prepaid fee successfully collected suggest contact bank regarding matter may also want contact billing department toll free want resubmit bill problem billing account america online may send billing popup screen states need update billing information keyword billing america online request information placed anywhere keyword billing unfamiliar keywords start using typing ctrl k keyword box appears type keyword space provided click go button possible receive popup hour period update database every hours message america online sends states important message aol member services records indicate credit card information file aol account may date outdated information aol account may cause bill processing problems cases could lead service interruptions please take minute update aol account information click update billing information button update take moments information provide kept completely confidential note recently updated billing information please ignore additional reminder process changes questions concerning message please call member services hours est seven days week update billing information text button appears white actual popup greatly appreciate america online membership questions please hesitate contact us thank using america online wonderful day ellen l customer care consultant billing department america online inc original message vkaminski aol com billingl abbott office aol com field wincenty kaminski field snowbird field woodlands field texas field field field please give details field signing aol received information billing information may outdated see annual fee paid credit card good standing move please let know problem field texas field see comments x rep x mailid x queue x mailer swiftmail v,0,1,0.509820246880474
globeandmailcom globeandmailcomemailglobeandmailcom monthly fund report globefundcom alert home national world business sports opinions arts technology travel health auto tuesday august inside issue monthly fund report noteworthy articles globe mail weekly insight silver lining advertisement monthly fund report monthly mutual fund performance listings july available exclusively globefundcom view performance returns asset classes visit monthly fund report archive noteworthy articles globe mail timely gloomy analyses many fund managers make investment commentaries available websites anyone drops visit unfortunately little boilerplate updated doesnt leave good impression comes etfs theres one way skin cat always laugh experts believe simple overhaul investment strategy last week read one suggested possible change strategy time takes order savour good brunch success stories global wasteland toa check see whos making money year us global international equity categories otherwise known collectively wasteland bnn market call jeff parent jeff parent associate portfolio manager quadrexx asset management today look canadian hedge watch index plus fundfund statsmer total assets millioncurrent holdings youre better buying fund company fund theres old investing axiom want get rich dont invest mutual funds invest companies sell themthe reason simple buy mutual fund youll paying hefty fees manager often wont even beat benchmark index invest mutual fund company instead part fees company earns wind pocket form dividends key fund manager fidelity leaving travel world maxime lemieux key fund manager fidelity investments canada ulc leaving sixmonth sabbatical certain return fund giant sources say weekly insight silver lining attendees last months annual meeting templeton growth fund found tucked loot bags glossy sheet sage investment advice funds founder sir john templeton read weekly insight email received headlines subscribed globefund alerts globeandmailcom sign free newsletters globeandmailcom remove newsletter copyright ctvglobemedia publishng inc contact us privacy policy tue aug monthly fund report globefundcom alert,0,1,0.7332094068318821
alvie bishop prodigynet mon matthias saou wrote upon time alvie wrote thanks seem problems rebuilding transcode src gets confused previous errors gives could give output error last part iti used rpmbuild rebuild without avifile transcode fr srcrpm af decorecpp waveformatex used type defined type af decorecpp parse error af decorecpp syntax error token af decorecpp wvfmt declared scope af decorecpp avm wave format name declared scope af decorecpp wvfmt declared scope af decorecpp wvfmt declared scope af decorecpp wvfmt declared scope af decorecpp iso c forbids declaration fprintf type af decorecpp redefinition int fprintf af decorecpp int fprintf previously defined af decorecpp initializer list treated compound expression af decorecpp waveformatex used type defined type af decorecpp syntax error token af decorecpp fmt declared scope af decorecpp avm wave format name declared scope af decorecpp fmt declared scope af decorecpp fmt declared scope af decorecpp fmt declared scope af decorecpp iso c forbids declaration fprintf type af decorecpp redefinition int fprintf af decorecpp int fprintf previously defined af decorecpp initializer list treated compound expression af decorecpp parse error af decorecpp syntax error token af decorecpp iso c forbids declaration samples type af decorecpp conflicting types int samples af decorecpp previous declaration unsigned int samples af decorecpp fmt declared scope af decorecpp iso c forbids declaration buffer size type af decorecpp conflicting types int buffer size af decorecpp previous declaration unsigned int buffer size af decorecpp fmt declared scope af decorecpp iso c forbids declaration buffer type af decorecpp conflicting types int buffer af decorecpp previous declaration charbuffer af decorecpp invalid conversion char int af decorecpp parse error af decorecpp syntax error token af decorecpp iso c forbids declaration fflush type af decorecpp redefinition int fflush af decorecpp previous declaration unsigned int buffer size af decorecpp fmt declared scope af decorecpp iso c forbids declaration buffer type af decorecpp conflicting types int buffer af decorecpp previous declaration charbuffer af decorecpp invalid conversion char int af decorecpp parse error af decorecpp syntax error token af decorecpp iso c forbids declaration fflush type af decorecpp redefinition int fflush af decorecpp int fflush previously defined af decorecpp invalid conversion io file int af decorecpp ipipe declared scope af decorecpp sync str declared scope af decorecpp sync str declared scope af decorecpp iso c forbids declaration p write type af decorecpp redefinition int p write af decorecpp int p write previously defined af decorecpp initializer list treated compound expression af decorecpp parse error af decorecpp syntax error token make af decorelo error make leaving directory usrsrcredhatbuildtranscode import make allrecursive error make leaving directory usrsrcredhatbuildtranscode import using trancode rpm cant get transcode command line args workalthough since used maybe forgot dumb mistake part didnt libdvdcssdevel transcode command line args work fine dvdrip thanks help alvie im encoding dvd divx right home computer works fine current red hat build transcode avifile support disabled may problem gcc isnt currently able recompile avifile matthias clean custom red hat linux rpm packages red hat linux release valhalla running linux kernel acpi load rpmlist mailing list rpmlist mailing list oct rh dma dvd drive,0,1,0.40186114650496335
journees de linguistique dernier appel de communication les xiiies journees de linguistique jdl se tiendront les et mars au pavillon alphonse desjardins de l universite laval les jdl est l un des colloques etudiants les plus importants en linguistique les jdl permettent aux etudiants des etudes superieures ainsi qu aux chercheurs de niveau postdoctoral de presenter et de publier les resultats de leurs travaux en didactique des langues en linguistique ou en traduction depuis treize ans les jdl ont permis plusieurs dizaines etudiants de presenter et de publier leur premiere communication cette annee les organisateurs comptent privilegier les communications qui sauront demontrer la multidisciplinarite des etudes sur les langues les personnes interessees participer aux jdl doivent soumettre leur proposition de communication avant le lundi janvier les communications sont une duree maximale de minutes et sont suivies une periode de questions de minutes elles devront tre presentees en franais les formulaires proposition de communication et resume de communication joints au present document devront tre dment remplis selon les instructions qui figurent les propositions de communication seront evaluees par un comite de lecture finalement les formulaires doivent tre accompagnes un cheque de remboursable en cas de refus de la proposition par le comite l ordre des journees de linguistique montant couvrant les frais inscription et de publication des actes bien que la cosignature des articles avec les directeurs etudes ou les professeurs soit permise seuls les etudiants seront autorises presenter des communications les etudiants etrangers interesses participer au colloque doivent communiquer avec les organisateurs dans les delais les plus brefs afin de informer des modalites de deplacement et hebergement et le cas echeant de l aide financiere disponible pour obtenir plus information ou pour acheminer vos propositions de communication par notre formulaire electronique veuillez consulter le site web de l aedill http www fl ulaval ca lli aedill jdl html ou communiquez avec les organisateurs des jdl xiiies journees de linguistique association des etudiants diplmes inscrits en langues et linguistique aedill departement de langues et linguistique bureau pavillon charles de koninck universite laval quebec qc canada g k p,0,1,0.5050910352481356
luka ferlan rkbasrvgnfgvcceaschallengecc engeski za po cetnike beginners tri ve tice posmatraju tri swatchsata koja ve tica posmatra koji swatchsat aj sada na engleskom three witches watch three swatch watches witch watches swatch watch engleski za iskusne advanced english tri ve tice promenjenog pola posmatraju tri dugmeta swatchsatova koja ve tica promenjenog pola posmatra koje dugme swatchsata na engleskom three switched witches watch three swatch watch switches switched witch watches swatch watch switch engleski u krajnjem stadiumu end tri vajcarske ve ticedrolje koje ele da budu promenjenog pola ele da posmatraju tri dugmeta vajcarskih swatchsatova koja vajcarska ve ticadrolja koja eli da bude promenjenog pola eli da posmatra koje dugme vajcarskog swatchsata jo na engleskom three swiss witchbitches wished switched swiss witchbitches wish watch three swiss swatch watch switches swiss witchbitch wishes switched swiss witchbitch wishes watch swiss swatch watch switch wed aug kurs engleskog funny,0,1,0.9103399994758027
ii jornadas de linguistica aborigen ii jornadas de linguistica aborigen buenos aires argentina de noviembre de facultad de filosofia letras instituto de linguistica comision organizadora ana gerzenstein ana fernandez garay lucia golluscio pedro viegas barros yolanda gutierrez secretaria susana b andreotta programa de actividades academicas prejornadas seminario de doctorado dr christos clairis sintaxis funcional con aplicacion las lenguas indoamericanas curso dr rodolfo cerron palomino politicas linguisticas programa de actividades de las jornadas a jornada martes de noviembre acreditacion apertura trabajo en comisiones comision linguistica descriptiva censabella marisa primeras conclusiones acerca de la dinamica del sistema fonologico de la lengua toba garciamedall joaquin transitivizacion prefijal en guarani gualdieri beatriz acerca de la vibrante en mocovi guaycuru martinez webster ethel los sustantivos construidos en la lengua miskitu comision linguistica historicocomparativa dialectologia aguiar maria sueli de classificacao das linguas pano guzman betancourt ignacio para una historia de la nocion de dialecto referida las lenguas amerindias porto cavalcante marita luiz mauricio rios estudo fonologico contrastivo xavante x xerente veloso borges nica diferencas entre fala feminina e masculina na lingua karaja comision educacion bilingue e intercultural gonzalez perez benjamin lineamientos de una propuesta para una educacion bilingue en mexico messineo cristina cartillas de alfabetizacion libros de lectura descontextualizacion recontextualizacion de los discursos toba pires nadia nascimento educacao na lingua djeoromitxi jabuti yapita juan de dios bilingue liwinki problemas de traduccion aymaracastellano en los materiales de ensenanza de educacion bilingue e intercultural a jornada miercoles de noviembre trabajo en comisiones continuacion comision politicas linguisticas drumond mendes barros maria c uma modalidade de pergunta missionaria mercado lobos estela h replanteo del estudiodel huarpe lengua amerindia sudamericana desaparecida en los siglos xviixviii quiroga salcedo cesar e presupuestos para elestudio linguistico del huarpe diazfernandez antonio e la antroponimia aborigen oficial de la provincia del chubut comision lenguas en contacto alvarezsantullano busch pilar constantino contreras el castellano hablado por huilliches fernandez lavaque ana dos quechuismos morfosintacticos en extincion en el espanol del area de salta noroeste argetino ibanez caselli maria sobre los usos de la lengua madre en una situacion de bilinguismo el caso del toba en el barrio las malvinas la plata wright pablo cosmologia ritual cambio decodigo una experiencia toba comision analisis de textos arnold denise las canciones los animales por las mujeres del altiplano boliviano tecnicas dememoria en una tradicion oral balmayor emilce textualidad vs sucesion en el cuento ranquel bentes anna christina nadia nascimento pires analise de textos mitologicos em djeoromitxi golluscio lucia claudia briones discurso metadiscurso como procesos de produccion cultural mesa redonda muerte de lenguas panelistas dres willem adelaar christos clairis ana fernandez garay moderadora dra ana gerzenstein trabajo en comisiones continuacion comision a linguistica descriptiva bigot margot lexemas verbales de la lengua qom toba expresion del espacio fernandez garay ana v la posesion en tehuelche liuzzi silvio la oclusion glotal inicial algunos casos en avan serafini mirta h lidia n bruno relaciones estructurales lexicas en verbos denominales deadjetivales mapuches comision a linguistica historicacomparativa dialectologia armatto de welti zulema ines analisiscontrastivos de los morfemos pararradicales marcascircunfijos postfijos del guarani yopara del goyano diaz de martinez lucinda del c sentido religioso en antroponimos de humahuaca en el siglo xviii nunes jose h el concepto de letra las reglas ortograficas en el arte de jose de anchieta viegas barros j pedro la reconstruccion de los personales en protochon comision a lenguas en contacto de granda german dos procesos paralelos de modificacion distribucional por contacto en el noroeste nordeste argentinos las construcciones verbales causativas martorell de laconi susana fenomenos sintacticos en el espanol del n posibles interferencias del quichua colonial pereira maria c um estudo linguistico da interfer nca lexical e fonologica na fala dos guias turisticos em foz de iguacu postigo de de bedia ana lucinda del c diaz de martinez el incierto destino del bilinguismo quechuaespanol en jujuy conferencia plenaria dr wiliem f h adelaar raices linguisticas del quechua de santiago del estero a jornada jueves de noviembre trabajo en comisiones continuacion comision b linguistica descriptiva damaso vieira marcia derivacao da incorporacao nominal em tupinamba tupi guarani dorigo carmen marcas aspectotemporais na lingua matses pano gerzenstein ana lengua maka el sistema tiempo aspecto modo martin eusebia h aspectos fonologicos de la lengua chimane comision b lenguas en contacto grosser lerner eva acerca de la traducibilidad de las lenguas indigenas postigo de de bedia ana la enunciacion negativa en bilingues de quechua espanol unamuno virginia hacia una descripcion del proceso de sustitucion linguistica en un barrio marginal del gran buenos aires zigaran julia lenguas en contacto espanollenguas aborigenes en la provincia de salta comision a analisis de textos clemente de souza tania c enunciacao e oralidade um estudo em textos bakairi carib kuramochi yosuke maria e merino dickinson proposicion teoricometodologica para la traduccion de manifestaciones verbales indigenas el caso del mapudungun merino dickinson maria e calidad e intencion de la palabra en dos textos orales mapuches perez rasetti carlos sintaxis narrativa nocion de historia en relatos de origen tehuelche meridional conferencia plenaria dr rodolfo cerron palomino tendencias actuales de la linguistica andina trabajo en comisiones continuacion comision c linguistica descriptiva braunstein jose una hipotesis sobre un pidgin chaqueno guimaraes romankevicius costa raquel manifestacoes da ergatividade em marubo pano juliao maria r classes de palavras emanambe orellana de quineche amanda toponimia de la provincia de juli puno peru analisis morfologico comision c lenguas en contacto bravo domingo penetracion guarani en la linguistica santiaguena martinez angelita variacion linguistica etnopragmatica dos caminos paralelos perez saez vicente fanny perez saez mapa etnolinguistico de la republica argentina informe ruminawi rasgos quechuizantes en el espanol del n el pronombre enfatico que comision lexicografia bilingue fernandez maria del r rodolfo r hachen de las categorias lexicas al universo simbolico stroppa maria cecilia el guarani goyano la necesidad de un diccionario adecuado mesa redonda educacion bilingue e intercultural panelistas profs cesar fernandez benjamin gonzalez perez cristina messineo lic pablo wright moderadora dra lucia golluscio a jornada viernes de noviembre trabajo en comisiones continuacion comision d linguistica descriptiva corbera mori angel queda de vogais noaguaruna jivaro faco soares marilia ritmo e tom em tikuna guerra ana maria sintematica yagan comision a educacion bilingue e intercultural acuna leonor andrea menegotto dativos sin verbos pronominales sin se en el espanol de areamapuche araujo leopoldina educacao diferenciada fundamento da cidadania na amaz nia currulef cesar elena n pizzio anteproyecto de escuela de educacion bilingue konumpan traerlo la memoria malvestiti marisa lengua cultura mapuche en rio negro conceptualizacion desde el sistema educativo conferencia plenaria dra yolanda lastra avances en la investigacion sobre lenguas indigenas en mexico en los ultimos diez anos musica e identidad los rituales religiosos de los mbya guaranies de la argentina conferencia cargo de la etnomusicologa lic irma ruiz con ilustraciones musicales cine antropologico videos panel de clausura balance perspectivas de la linguistica aborigen propuestas para la creacion de una sociedad que reuna los estudiosos de este campo panelistas pilar alvarez santullano margot bigot lidia bruno tania clemente de souza yolanda lastra cesar quiroga salcedo amanda orellana de quineche juan de dios yapita moderador lic pedro viegas barros informes e inscripcion instituto de linguistica facultad de filosofia letras universidad de buenos aires de mayo o piso buenos aires argentina telefono fax lunes viernes de hs nomina de expositores por paises argentina a capital federal gran buenos aires acuna leonor arcos capital federal balmayor emilce gral martinez capital federal briones claudia rivadavia capital federal fernandez garay ana v peru g capital federal gerzenstein ana laprida capital federal golluscio lucia diaz velez depto avellaneda martin eusebia h mendiondo luis guillon martinez angelita esmeralda er p capital federal messineo cristina cochrane capital federal unamuno virginia franciso beiro florida viegas barros j pedro balbastro san justo wright pablo carlos casares victoria b interior buenos aires ibanez caselli maria calle la plata menegotto andrea boulevard maritimo to mar del plata cordoba martinez webster maria e san martin villa maria ruminawi de abril p b cordoba chubut diaz fernandez antonio e casilla esquel formosa braunstein jose casilla las lomitas jujuy diaz de martinez lucinda del c otero san salvador de jujuy postigo de de bedia ana otero san salvador de jujuy neuquen bruno lidia n salvatori mod d pb b neuquen fernandez cesar san martin cipolletti serafini mirta h los gladiolos neuquen rio negro currulef cesar juana borna viedma malvestiti marisa casilla de correo ing jacobacci pizzio elena n gobernador castello viedma salta fernandez lavaque ana gral juan c sanchez ciudad del milagro salta martorell de laconi susana santiago del estero salta perez saez fanny hipolito irigoyen salta perez saez vicente hipolito irigoyen salta zigaran julia santiago del estero salta san juan mercado lobos estela h instituto de investigaciones linguisticas filologicas universidad nacional de san juan avda jose de la roza oeste san juan quiroga salcedo cesar e instituto de investigaciones linguisticas filologicas universidad nacional de san juan avda jose de la roza oeste san juan santa cruz perez rasetti carlos lisandro de la torre riogallegos santa fe armatto de welti zulema mendoza rosario bigot margot avda libertad piso rosario censabella marisa san martin rosario fernandez maria del r lisandro de la torre granadero baigorria hachen rodolfo r lisandro de la torre granadero baigorria stroppa maria c de febrero rosario santiago del estero bravo domingo san carlos la banda exterior bolivia yapita juan de dios ilca casilla la paz arnold denise ilca casilla la paz brasil aguiar maria sueli de rua republica libano ap setor oeste goi nia goias araujo leopoldina avda gov jose malcher belem para bentes anna ch avda bernardo sayao belem para clemente de souza tania c rua lara vilela sao domingos niteroi rio de janeiro corbera mori angel rua luiz vicentim barao geraldo campinas sao paulo damaso vieira marcia quinta da boa vista sao cristovao rio de janeiro dorigo carmen quinta da boa vista sao cristovao rio de janeiro drumond mendes barros maria c rua barao de triunfo casa marco belem para faco soares marilia quinta da boa vista sao cristovao rio de janeiro gualdieri c beatriz rua angelo vicentim fundos barao geraldo campinas sao paulo guimaraes romankevicius costa r quinta da boa vista saocristovao rio de janeiro juliao maria r rua itupiranga belem para nunes jose h rua francisco pereira coutinho ap campinas sao paulo pereira maria c jose vicente r correa foz iguacu parana pires nadia n museu paraense emilio goeldi av magalhaes barata belem para p rto cavalcante marita rua apto aerop goi nia goias rios luiz rua apto aerop goi nia goias veloso borges nica rua v pai eterno trindade goias chile alvarez santullano busch pilar depto de humanidades arte universidad de los lagos casilla osorno contreras constantino universidad de la frontera casilla temuco guerra ana etchevers depto b vina del mar kuramochi yosuke avda alemania cp temuco merino dickinson maria e avda alemania cp temuco espana de granda german facultad de filosofia letras universidad de valladolid valladolid garcia medall joaquin c de las angustias p cp vallodolid francia clairis christos rue vercingetorix paris liuzzi silvio rue de l amiral mouchez paris holanda adelaar willem f h vakgroep vtw pb leiden nl mexico gonzalez perez benjamin museo nacional de antropologia paseo de la reforma gandhi mexico df grosser lerner eva museo nacional de antropologia paseo de la reforma gandhi mexico df guzman betancourt ignacio museo nacional de antropologia paseo de la reforma gandhi mexico df lastra yolanda instituto de investigaciones antropologicas unam c u delegacion coyoacan mexico df peru cerron palomino rodolfo universidad nacional mayor de san marcos p lima orellana de quineche amanda universidad ricardo palma apartado postal lima nomina de lenguas objeto de estudio aguaruna peru fam jivaro aimara peru bolivia chile argentina fam aimara allentiac vease huarpe anambe brasil fam tupi guarani aonek enk vease tehuelche araucano vease mapudungun avane vease guarani aymara vease aimara bakairi fam caribe chimane bolivia fam moseten djeoromitxi brasil fam yabuti guarani paraguay argentina uruguay fam tupi guarani guarani goyano vease guarani huarpe argentina fam huarpe huilliche vease mapudungun karaya brasil fam karaya maka paraguay fam mataguayo mapuche vease mapudungun mapudungun chile argentina fam mapudungun mapuzungun vease mapudungun marubo brasil fam pano matses brasil fam pano millcayac vease huarpe miskitu nicaragua honduras fam misumalpa mocovi argentina fam guaicuru ona vease selknam pano familia peru brasil bolivia parkat j brasil fam ye qom vease toba quechua peru bolivia argentina ecuador colombia fam quechua quichua vease quechua ranquel vease mapudungun selknam argentina chile fam chon tehuelche argentina chile fam chon tehuelche meridional vease tehuelche tikuna brasil colombia peru fam tikuna timbira vease parkat j toba argentina paraguay bolivia fam guaicuru tupi brasil fam tupi guarani tupinamba vease tupi xavante brasil fam ye xerente brasil fam ye yagan chile argentina fam yagan yamana vease yagan yopara vease guarani ultimas publicaciones del instituto de linguistica facultad de filosofia letras universidad de buenos aires actas primeras jornadas de linguistica aborigen de octubre de ed cargo de j pedro viegas barros lengua maka estudio descriptivo por ana gerzenstein coleccion nuestra america signo sena revista del instituto de linguistica discurso historia el habla visual linguistica de las lenguas de senas coordinadora maria ignacia massone etnolinguistica pueblos lenguas en la america aborigen coordinadora ana gerzenstein temas de linguistica aborigen coordinacion presentacion ana gerzenstein jose angel alvarez postmast lingui uba edu ar,0,1,0.9177939538814377
amazon com order greetings amazon com thought like know shipped items today completes order thanks shopping amazon com hope see soon track status order orders online visiting account page http www amazon com account track order shipment status review estimated delivery dates cancel unshipped items return items much following items included shipment qty item price shipped subtotal dewalt dw k volt item subtotal shipping handling total paid via mastercard paid via gift certificate usd privacy reasons recipient address shown explored links account page still need get touch us order e mail us orders amazon com next visit web site come see new clicking link right hand side home page visiting url cs ae nfy selected assortment new releases recommendations informative articles think would appeal thank shopping amazon com amazon com earth biggest selection orders amazon com http www amazon com,0,1,0.6023723576725795
pace university evppaceedu messages quarantined potential junk virusinfected messages sent inbox deliver message inbox click deliver link view message message center click subject link junk messages gpnrdqgardengatemagcom handbags pm ohmstealthpromotionscom happiness pm pvrrbaocommmotcom normal sexual life pm zckgpbijnssaqkozzckgplivinginternetcom confirmation link pm xirsgpirvrhkscucxithehillcom hassle lines credit pm jicbbelcjhpgcznxjicbygpubcom eliminate debt take action today pm kiqkhzkfjkyrejgakiqkhzclearchanneloutdoorcom come find pm mzvwmowpsffvitvqmztheacappellacompanycom penis enlargement liquid pm tfvkzezrrlearthlinkcom pm hmxxbaerosleepcom feel power new weapon pm mygrztophsgmjkqimynbc com exclusive watches rolex pm obbnexzo tm com ever wanted larger longer tool pm qtetjzacglobalhollandcom etonkrev pm qdcaknabhctcom save medications coupon b pja pm vtmgkmdnbozeosfnationalgeographiccom hi pm tfvunsxlmyvrdedallbarcelonaguidecom wont able keep mouth pm jyfejwrojpevjwlujyfewikihowcom loans small business pm yrjuhi solutionscom luxury designer shoes boots men women gucci prada chanel pm zekvyogvoaaaoecom eternising pm vgvhrvvillseudkvgigaomcom penis enlargement facts pm ulbphdearthlinknet pm wjxgeyqqerybcrxcwjhondurascom eliminate debt take action today pm bpnlgdza laliascom exquisite replica pm ppeixthifwsf z com assieret pm mhkbiehcfnqsqpuomhkbietoshibadirectcom small business loans pm cjtndgsaentisgmedscom make moan pleasure penetrating deeper harder pm dcycmdtrtsdms dtrciticom alert cynlijabuyhgxgwvcynmarilynruckercom penis enlargement liquid asuctkyrjadhescom designer shoes collection gucci ugg prada chanel dsquared olwpsowranrqfrktofloridatodaycom unsecured small biz loan geoevtvo limonixru set grow grow grow nryyypsjqxggxdnpndavidlwolpercom reduce debt debt pros ppeahqobbmvxzazuppepagrandlodgeorg confirmation link aunjfdercom exquisite replica ldhremedgizoumujldhrajshekharnet penis enlargement scams get truth xnkgajvwowevdnpvyahoocom cash loan fast approved domingoaeionlinecom save drugs discount code k iea qkyoxodzyedncom unassailably zefbqqcchcverizonnet xcpeefmorhmtyrgpxccapeweekendcom erase credit card debt hsswymhcgyobsyczhzbestloanscom treat kinds conditions due hormone deficiency hychihrconditionde meds need reliable hassle free changin abiicom watches discount qnfinfonegociocom officine panerai watches ospbyfwwallabellaru women complain girlfriends time mens equipment small npwfdscom safe approved guaranteed absolutely troublefree dp qwwqf com save top designer brands shoes uggs gucci chanel prada dior neewmqa coxnet oqkpaqmtiwmhaaszoqkpaqmtiswalescom safe reliable antied xxzwshtpcejwcqvcnetcom reduce debt debt pros wjdtqidgyqtwixlxburntorangereportcom elimlnate pain mmkbevyearthlinkcom pm wdliouaelwqljflowdmountaintownstagescom family pm iprxorldallat kill pain generic s ma cheap tested pm qlgbgpoloralphlaurencom better performance pm yknfnnvhccybwjmkyknrecallsorg unbelievably low prices pm hixxppinkponkcom erectile dysfunction pill pm thu aug quarantine summary,0,1,0.6538335373777873
kgrtljpowncecom caleb chang replied one notes question could export pdf sure would keep notes view note replies want control emails receive pownce wed aug pownce new reply caleb chang,0,1,0.4261372446556876
wendy butler ltttqmvkgmailcom hello know lovely easter break calm relaxed easing back pressures life means want easy tasks first right fill missing gaps even first gap short paragraph tell first gap would miraculousi mean marvellous memory granny whenthat insert age years old made feel granny wanted say march st next week thanks already sent memory gran right go write essay socratespeople actually pay go university thank god scholarships ashleigh xo dream love laugh thu aug another one,0,1,0.5694161548419702
us news archive ft com reliable country intelligence challenging world country reports supporting decisions working best source country intelligence available turn economist intelligence unit http store eiu com dear ft com user ft com global archive provide answer multitude business queries access information us business news publications simultaneously search multiple sources e g business industry papers business wire pr newswire usa obtain global view searching across million articles worldwide variety search options powerful software able find information need time definitive answer business related query visit bookmark page rch jsp regards ft com forward e mail friend colleague may find information useful longer wish receive e mails us please send e mail ft com unsubscribe newsbyemail ft com single word unsubscribe subject message name removed mailing list forgotten password ft com simply visit,0,1,0.8476459092507883
serengeti qtzbdexojserengeticatalogcom trouble viewing message click copy paste link web browser serengeti save early spring savings youll find many items reduced special sale section internet customers shop floral silhouette sweatshirt victorian scroll pashmina butterfly fleece pink top woven clog crystal flowers anklet african palm print skirt limited quantities shop supply lasts wish receive promotional messages us please click link allow business days process removal requests customer service issues please email xxjlserengeticatalogcom call toll free serengeti mill rd chelmsford powered informz wed aug,0,1,0.6187890362531164
gail bontrager icbfwoulcarffscrantonedu university scranton switched blackboard angel last fall evaluated angel desire learn pricing comparable angel finished product felt ready feature wise similar angel better opinion removed future issues siguccsmembers please enter email address user gvcceaschallengecc well remove future youd like resubscribe please enter address association computing machinery advancing computing science profession c acm inc rights reserved tue aug angel vs desire learn,0,1,0.5909915461957101
registrationspsscom thank registering account spsscom please use verify email address link complete registration process clicking link activate account account activated full access spsscom need authenticate email future logins verify email address thu aug spsscom verification,0,1,0.9831142877036926
diveintomark rssfeedsspamassassintaintorg url date t heather hamilton best worlds worst after watching last nights premiere best worlds worst drivers tried figure best worst drivers made best really the best really the best wouldnt featured best worlds worst drivers tue oct best,0,1,0.47268258122449663
luke mcmanus ftzxgaglxbrgmailcom bilbaosan sebastian cheap friendly close guggenheim go piss bilbao hang beach eat amazing food san sebastian bilbao airport small hassle free short bus journey town also trip flying bilbao flying biarritz arent going back l wed aug holidays,0,1,0.8599236505085546
cabvpgodaddycom monday april pm dear tony meyer thank ordering godaddycom email contains important information regarding recent purchase please save reference customer number login name receipt number order total customer service qty item price com domain name renewal years tangomucom subtotal shipping handling tax total important information concerning purchase domain registration product info legal agreement free complete email product info legal agreement free hosting w web site builder product info quick blogcast product info legal agreement starter web page sale page product info log go daddy account manager set andor manage free purchased products go godaddycom home page click account enter log name customer number password click secure login take account manager may manage products services download free printquality guide making internet work adobe reader needed view guide download click questions order productsservices youve purchased please feel free contact customer support email us pvosgprgodaddycom sincerely godaddycom inc ps learn improve business exchange ideas share expertise connect internet entrepreneurs new online business community go daddy connections log today special offers helpful hints domains get tv domain website tonight deluxe mo months build site online minutes save create email account set hosting account receive google adwords microsoft adcenter credit get answers product setup questions register domain names make domain name private manage registered domain name forward domain name renew domain names transfer domain names go daddy set dedicated virtual dedicated server drive web traffic using traffic blazer find whats new products services activate free practical ecommerce subscription view legal agreements prices current may changed without notice plus icann fee cents per domain name year visit web site details free hosting photo album blog services adsupported adsupported web sites contain relevant online advertising small portion site include obtrusive popup ads likeness dale earnhardt jr godaddycom chevrolet related trademarks copyrights used permission hendrick motorsports jr motorsports copyright godaddycom inc rights reserved thu aug godaddycom order confirmation,0,1,0.6727935515535196
receive attachments hotmail address get juno send one see get send wild thing send something jake please let know everything ok jake love ya get private free email http www hotmail com,0,1,0.7114518615241758
robert elists ahitv abbacommnet dont use takes long minutes compile sa v big improvement v l would long takes compile matter long get return investment machine heavily loaded small useful yet underpowered mailhub rh tue aug sacompile format standard,0,1,0.6843135996139245
dave long dlsilcomcom offspring wilt bad wilt even media exposure major studs dream another example natural selection doesnt even come close livestock potency rather doubt women bothered check rebounding records cousins uncles whatnot old basketball generations compared kins lets give mr chamberlain benefit doubt suppose sired twins mate lifetime production compares poorly holstein bull dave teat size placement always ideal suggests income daughters perfect kind robot milkers thu jul correction baseline raising chickens hightech way,0,1,0.6624750152196716
bill copenhagen awaiting plane sas lounge took shower changed next flight sweating like bastard saw timbers last night great make playoffs playing good soccer phone deliver computer need mail send wjwjr yahoo com check fly burn birthday get home yahoo make international calls low minute yahoo messenger http phonecard yahoo com,0,1,0.8522645633819307
bethea betheamyhealthwealthandhappinesscom something wonderful inspiring like stepping dazzle sunlight possibilities life unravel calm effortless beauty summers day finally memo five divine forms plato bracelet ready specially designed achieve life unparalleled perfection happiness working forecast past months received months know much dream change also know deserve enough wealth happiness last lifetime nothing would bring joy help achieve exquisite piece jewelry embodies incredible wisdom man lived thousands years ago plato one worlds greatest philosophers incredible man discovered fundamental truth existence truth developed theories brought followers incredible wealth happiness wed aug memo ignite blaze wealth august rd,0,1,0.9395569456957031
joost pvosgprejoostcom check email website click joost whats week worlds stupid criminals braindead future darwin award winners ending prison might best thing could happen mightve watched cops uncut braindead crime channel trying life crime maybe paying back britains embarrassing parents seen braindead reality channel watch worlds stupid criminals featured videos green day music videos live concert footage decade trio introduced suburbia punk waterproof mascara course sparked fare bit controversy along way example punk discuss watch green day channel tech closeup tv tech company keep pretty close eye industry guys bring latest developments without rss reader latest trends innovations technology shapes daily life activities watch learn watch tech closeup tv evangeline lilly wins best wet tshirt fight scene morning news show brings latest headlines news cant start day without like results fifth annual strong women television awards ceremony honor leading women tough look good watch evangeline lilly akon cant wait akon teams tpain music video last single album konvicted watch akon nickelback rockstar cameoladen video features hugh heffners girlfriends kid rock lupe fiasco watch nickelback rfm acid square dance visual explosion liberates global underground movement advanced electronic music watch rfm click unsubscribe newsletter copyright joost thu aug week worlds stupid criminals green day evangeline lilly,0,1,0.7053290162569602
password login kkindal password marketcredit,0,1,0.5444767547585208
academic superstore vaydvcynfxvxxufevaacademicsuperstoremessages com view mail browser copy browser add vaydvcynfxvxxufevaacademicsuperstoremessages com address book safe sender list sure receive emails inbox junk folder happy valentines day february take advantage big software savings get little something special avid express academic edit faster efficiently theres reason nearly todays feature films primetime television shows created using avid systems endtoend concepttoconform creative flexibility wont find anywhere else info cakewalk sonar studio evolve music creation production needs dont sacrifice features affordabilitysonar studio edition offers best creative tools power digital audio workstation price range built upon core feature set sonar producer edition sonar studio edition gives users edge productions info onone genuine fractals industry standard photoenlargement photoshop plugin renowned across photographic printing industries ability increase image size well without loss sharpness detail would normally expect info daz productions bryce decade artists mediums known bryce affordable d software achieving breathtakingly realistic imagery whether professional designer graphics enthusiast bryce gives tools literally create world info red giant magic bullet looks esd additional limited time desert sunrise arctic tundra nighttime urban streets look footage defines mood define style video film regardless onset conditions powerful imaging tools info microsoft office mac hot new product yes microsoft office mac includes latest versions word excel powerpoint entourage messenger mac essential everyday program dont want miss longawaited release info trend micro internet security pro enhanced security protection whether home go trend micro internet security pro safeguards online transactions identity irreplaceable files comprehensive protection available info total training adobe photoshop cs extended professional personal instruction learn use adobe photoshop cs proficiently comfort home office lessons done pace start stop video segments time info maudio pro tools academic pro tools academic kit brings world pro tools audio production educators students package thats costeffective simple learn easy manage students learn audio production intuitive user interface embraced professional studios around world info prices availability features versions system requirements policies terms conditions subject change time held responsible typographical errors message sent specifically requested received message error click link removed mailing list unsubscribe mailing list policy copyright academic superstore lp e saint elmo rd suite austin tx tue aug academic superstore february specials new products,0,1,0.5134422229190595
congratulations sally congratulations promotion managing director well deserved appropriate addition always warms heart see woman promoted highest rank company best regards jean,0,1,0.41190818833400283
owen byrne owenpermafrostnet joke thanks professor university manitoba circa set old west cowboy riding along favorite horse hes suddenly surrounded taken prison band roaming indians indians take cowboy horse tell traditional way tribe deals victims day next days get wish power grant rd wish done die horrible slow death time first wish cowboy thinks bit says want talk horse indians bring horse cowboy whispers ears horse runs little later horse comes back beautiful blond naked woman cowboy woman go tent appropriate noises heard horse takes woman away next day time wish comes indians amazed yesterdays performance gather round cowboy says want talk horse horse brought cowboy whispers ears horse takes little later horse comes back beautiful brunette naked routine cowboy women go tent etc third final day indians totally amazed eager hear cowboys wish gather round cowboy says want talk horse horse brought time cowboy grabs horse head stares right says read lips posse posse owen tue jul brain hurts,0,1,0.40898943204528593
alan jackson ajacksonoplnknet way exclude set pages site map page site also create printer friendly page would like exclude form sitemap alan k jackson see world grain sand alanajacksonorg heaven wild flower hold infinity palm hand houston texas eternity hour blake sfnet email sponsored bythinkgeek welcome geek heaven webmaketalk mailing list webmaketalklistssourceforgenet sun aug wm exclude pages site map,0,1,0.41148862192506797
please approve application request wsmh esnva security resource request wsmh esnva submitted approval view request double click left mouse button notes document link quick steps approve reject request form click button view details requests click button approve reject requests edit request form double click anywhere form see online help instructions call ect security,0,1,0.7559008888858055
dice rvhyxxydicecom targeted job fairs top companies technology engineering job openings hiring find next job upcoming dice career fair manhattan tuesday february pm radisson martinique broadway west nd street new york ny meet hiring managers companies hiring technology engineering candidates network industry professionals even land interview upcoming dice career fair manhattan career fairs free great way build network explore job opportunities make sure bring several copies resume event preregister visit participating companies include d security solutions ana data consulting datascope corp door business applications fischer francis trees watts mcgrawhill companies mount sinai medical center new york blood center nirvanasoft reserve management tishman speyer us coast guard us patent trademark office companies expected added targeted job fairs dice company produces dices technology engineering security clearance career fairs attend career fair attending career fair great way bolster jobseeking efforts prospective employees stick traditional methods finding job answering ads posted newspaper online job board attending career fairs putting directly front companies need skills giving leg competition expect expect meet recruiters hiring companies community nationally event designed candidates informative facetoface discussions recruiter targeted job fairs targeted job fairs tjf dice company premier producer career fairs catering technology engineering securitycleared professionals tjf also assists recruiters hiring managers helping meet facetoface hardtofind technology engineering securitycleared professionals tjf also produces diversity events individual open houses several markets companies seeking experienced candidates variety industries sales marketing banking insurance finance events held every year tjf targets top national markets find best candidates leading career fair company years tjf onestop fullservice solution planning coordinating promoting implementing successful career fairs tjfs association dice nations leading online job board professionals provides companies recruiters access million technology engineering professionals association clearancejobscom also dice company tjf access securitycleared professionals connections help tjf handdeliver highquality technology engineering securitycleared candidates tjf event learn dice visit learn targeted job fairs visit learn security clearance jobs visit clearancejobscom dice inc nw urbandale drive urbandale ia longer receive mailings dice may taken list advertisement dices career fairs technology engineering securitycleared professionals produced targeted job fairs dice company thu aug tech engineering career fair manhattan,0,1,0.40773509719520196
cnn alerts cnnalertsmailcnncom cnn alerts bush alert name bush selfdeportation program kicks takers edt wanted illegal immigrants clean records ignored court orders leave country immigration officials standing help leave country jail joke full story agreed receive email cnncom result cnncom preference settings manage settings click alter alert criteria frequency unsubscribe receiving custom email alerts click cable news network one cnn center atlanta georgia cable news network time warner company rights reserved view privacy policy terms wed aug cnn alerts bush,0,1,0.9620424668964944
yummy frappachino hey let go get coffee really fun much awake back vegas sunday night right sure told terrible memory,0,1,0.47213817445717127
godaddycom fctsscgodaddycom dear tony meyer weve redesigned account area godaddycom make even easier manage account information products access related sites pages view auctions know youre going love new features redesigned account area log today godaddycom check thanks always go daddy customer sincerely bob parsons ceo founder godaddycom ps need help new layout contact customer service staff click faq new design go daddy always looking internet safety learn verify legitimate emails detect email fraud visiting godaddycom clicking security center go daddy copyright godaddycom inc rights reserved wed aug important new features updates account page,0,1,0.5562396407709149
aol instant messenger reconfirmation thank registering aol instant messenger sm service registration screen name dfarmer received one step away able communicate instantly fast easy fun free create buddy list r feature see friends family online meet new friends chat rooms searching member directory follow stocks news headlines exchange files images much much please reply message within hours complete registration process simply click reply type ok text message confirm e mail address valid confirming registration important ensures using screen name dfarmer use current future features aim sm service well following great aol web products aol calendar sm aim aol com redirects aimemail calendar html aol hometown sm aim aol com redirects aimemail hometown html aol com aim aol com redirects aimemail myaol html aol com sm personal finance web center aim aol com redirects aimemail finance html security precaution able obtain change password update e mail address confirm registration upon confirmation receive welcome message valuable links faqs helpful information download aol instant messenger tm software aol com sm web site aim aol com redirects aimemail download html already done use aim service away computer click information quick buddy service thank registering aol instant messenger service received one time e mail successfully registered aim service,0,1,0.5462933856910516
boat checked boat ft long capri model ch fm cass motor l mercruiser alpha sterndrive hp,0,1,0.5393601340516669
gkmpettingzoonet glen mccready forwardedby nev dull forwardedby newslettertvspycom give frigging break ive frigging diva frigging years cher fans las vegas booed last weekend told performance part last tour sun aug qotd give frigging break,0,1,0.5907526053445554
pang hokkun hpangyesmailcom message mime format since mail reader understand format message may legible nextpart c f c contenttype textplain charsetiso best comparison india china similar population resources historical misfortunes even similar per captia income years back today definitely see products made china india think material well defines better nation look china differently india nextpart c f c contenttype texthtml charsetiso curse indias socialism best comparison india china similar population resources historical misfortunes even similar per captia income years back today definitely see products made china india think material well defines better nation look china differently india nextpart c f c wed aug curse indias socialism,0,1,0.7661724076589662
biostat michaelbpowerandprecisioncom dear dr cooper thanks interest power precision questions using program contact us return email phone youd like order copy program click one links download order form phone download order form word document download order form pdf file sincerely michael borenstein phd director mailtomichaelbpoweranalysiscom michaelbpoweranalysiscom message sent biostat north dean street englewood nj powered icontact manage subscription thu aug welcome powerandprecision,0,1,0.6305568075750532
amazoncom sciggypjipzbdfamazoncom get peace mind new online store minutes dear valued amazon customer someone purchased products related supporting business enterprise might interested exciting new product amazon services webstore amazon webstore amazon gives branded ecommerce site backed support selection expertise amazon confident webstore going customers come clicking better yet webstore easy set comes number great marketing features start selling minutes sign webstore webstore features reliability amazon backed technology powers amazoncom protected amazons a z guarantee secure checkout using amazons fraud protection technology powered amazons expert marketing features product recommendations customer reviews recently viewed items store affordable effective get multiple online stores per month commission learn web store free offer applicable subscription fee expires midnight pdt april limited qualifying new customers hope enjoyed receiving message however youd rather receive future emails sort amazoncom please visit optout link c amazon services inc division amazoncom inc rights reserved amazon services inc registered trademark amazoncom inc amazoncom th ave suite seattle wa please note message sent following email addressuser gvcceaschallengecc reference thu aug webstore amazon start selling minutes,0,1,0.4383317978758838
stephen mcguinness bjkgdlqephygmailcom wanted try pcworldie website reconstruction moment pc world business site stephen wed aug ilug buy new pc without os,0,1,0.8459547269599043
welcome woodworkingtips com please save welcome message welcome woodworkingtips com ever need get contact owner list send email tips manager go ever want change email address thanks subscribing tips manager visit woodworking home improvement sites downloadable plans plansnow woodsmith magazine shopnotes magazine workbench magazine kits jigs tools project plans woodworking magazines back issues,0,1,0.4567230946657533
simon barrett xldddmightymangocom possible remove option email photo sideshow mightymango george road st peter port guernsey gy bd tel email xldddmightymangocom web thu aug remove email link slideshow,0,1,0.7817255156454156
infoworld online resources spqegm vppepjbrpifwonlinenewslettersinfoworldcom learn need know department greener place work ebook shows significant savings expect sustainability improves employee customer retention even boost performance protect energy price fluctuations download copy ebooklet compliments verdiem infoworld visit infoworld whitepaper library extensive offering whitepapers wide range topics including storage security green longer wish receive emails infoworld online resources please update preferences thu aug top reasons go green,0,1,0.4662688476101224
bibhas bhattacharya nbcuujsavlunvghhnbwebagesolutionscom hello really like tool couple comments start slide show automatically tool comes right user click play button start show seems little redundant click image slide show ends user expect view image full resolution download otherwise great tool planning write flickr slideshow tool using bibhas bhattacharya web age solutions inc websphere weblogic training consulting services email wkvmeewebagesolutionscom phone thu aug slide show tool,0,1,0.5640839448231514
scans included four files labeled color files reflect original sepia tone b make file special jim color dpi jpg b w dpi jpg color dpi jpg b w dpi jpg,0,1,0.48607129711682157
books articles cdrom text also available german see dear linguist readers throughout last years working conditions many scientists profoundly changed introduction modern data processing technology almost every workplace equipped computer hours even days patiently getting acquainted working procedure tools constitutes enormous advantage advantage especially shows ever efficient saving processing transferring data thus early today manuscripts books articles diplomas master theses processed word processing programmes eventually available computer file besides word processing newer rapid processors efficient programmes also make possible ever higher integration images image sequences sound recordings written text accordingly phonetic transcription experiment contain addition text recording language also photographs articulating organs mouth upper jaw allows experiment followed much easily also conducted scientists different view point addition saving research work done also possible save subject research kind storage media order archive amount data resulting particular combination text sound images compact disc cd come fashion perfect storage medium today many publications already available cd besides possibility multimedia presentation knowledge cd one advantage low production costs cd huge storage capacity publications scientists made available currently possible journals books point possibility emerges young scientists well renowned ones publish works tended disappear drawer either publishing costs nota chance notion background would like begin survey determine extent linguists fields might interest following questions multimedia technology commonly accepted linguists prefer traditional print media interest accepting knowledge computer screen interest publishing works contain text also images sound ideas publish scientific works experience using cds field linguistics survey intended serve basis developing concept new enterprise media services sector provide next year young linguistically oriented postgraduate students platform work independently would like thank advance answers ideas liebe linguist leser den letzten jahren hat sich die arbeitswelt vieler wissenschaftler durch die einfuehrung moderner techniken der datenverarbeitung grundlegend geaendert fast jeder arbeitsplatz ist mit einem computer ausgestattet der nach einigen geduldigen stunden und tagen des kennenlernens der wirkungsweise dieser geraete einen enormen arbeitsvorteil darstellt dieser vorteil besteht insbesondere der mehr und mehr komfortableren erfassung verarbeitung und weitergabe von daten werden die meisten niederschriften von buechern artikeln diplom und magisterarbeiten bereits heute durch textverarbeitungsprogramme bearbeitet und liegen letztendlich als eine datei vor neue und schnellere rechner sowie leistungsfaehigere programme machen neben der bearbeitung von text auch mehr und mehr eine integration von bildern bildsequenzen und tonaufnahmen eine niederschrift moeglich kann z b eine phonetische niederschrift ueber ein lautsprachliches experiment neben den schriftlichen ausfuehrungen auch die sprachaufnahmen enthalten aber auch bildaufnahmen der artikulierenden organe wie mund und unterkiefer damit ist dieses experiment besser nachvollziehbar und koennte unter anderen gesichtspunkten von dritten wissenschaftlern ebenfalls durchgefuehrt werden es ist also moeglich vielen faellen neben den ausfuehrungen einer untersuchung auch den untersuchungsgegenstand auf einen datentraeger zu speichern um diese mengen daten die durch die kombination von text bild und ton entstehen zu archivieren bewaehrt sich immer mehr die cd als speichermedium viele veroeffentlichungen erscheinen schon heute auf cd neben der moeglichkeit einer multi media darstellung von wissen hat die cd aber noch einen weiteren vorteil aufgrund der niedrigen herstellungskosten einer cd und der riesigen menge speicherplatz wird es moeglich publikationen von mehr wissenschaftlern zu veroeffentlichen als es mit herkoemmlichen journalen und buechern moeglich ist hier ergibt sich fuer junge wissenschaftler aber auch fuer renommierte die moeglichkeit ihre niederschriften die oeffentlichkeit zu bringen die bisher bedingt durch preis und chancenlosigkeit eher der schublade verschwanden mit diesem hintergrund versehen wuerde ich gern eine umfrage starten inwieweit linguisten aller gebiete ein interesse folgenden themen zeigen gibt es eine allgemeine akzeptanz der multi media technik greifen linguisten lieber auf traditionell gedruckte literatur zurueck oder besteht auch ein interesse der wissensaufnahme durch den bildschirm interessiert sich jemand fuer eine veroeffentlichung eigener arbeiten die neben text auch bild und ton enthalten welche vorstellungen gibt es ueber eine solche art und weise der publikation von wissenschaftlichen arbeiten wer hat schon erfahrungen der sprachwissenschaftlichen anwendung von cd gesammelt diese umfrage steht dienst einer konzeptentwicklung fuer ein neues unternehmen im medien dienstleistungsbereich das fuer jungen sprachwissenschaftlich orientierten studenten nach abschluss des studiums im naechsten jahr die basis fuer eine eigenstaendige arbeiten bilden soll bereits im voraus bedanke ich mich fuer ihre antworten und anregungen ingolf franke zeughausstrasse d trier germany tel email fran pcmail unitrier de,0,1,0.4154544830269376
cdnow order confirmation dear daren thank shopping cdnow email confirm order number check status order make changes click copy paste link web browser http cdnow com myorder otid also access order history directly home page ordered following item fats domino greatest hits cd ship via u postal service shipping address order daren farmer clarkston ln spring tx order total please reply email questions order addressed online order history please visit contact cdnow page using link http cdnow com service order worth fast forward rewards tm program points points pending appear membership summary points earned order shipped thanks shopping cdnow sincerely cdnow customer service never miss beat cdnow inc http cdnow com aol keyword cdnow,0,1,0.4617943187799265
caswellmassey upadcaswellmasseycom view mail browser copy browser thu aug international soaps caswellmassey,0,1,0.5836342360995435
hunter birthday party pictures link work try going http www abacustech net pic ram,0,1,0.9241788557356683
rob becker gbquzz gbonxustercommcom hi everyone quick question someone hopefully help need change header info select emails depending coming example email comes ybsacqj domain com sun feb ybsacqj domain com rycsyta domain com bcc want change ybsacqj domain com sun feb ybsacqj domain com bcc rxpgeyj domain com gexptzm domain com account domain com possible thanks rob tue aug address rewriting,0,1,0.42035419243019867
negotiation skills company quote update negotiation skills company quote update learn rules know break properly dalai lama sure read latest ask steve advice articles responses provided steven p cohen current online archives include responses visitor questions ask steve advice http www negotiationskills com qa html sell work leave needs versus wants lying drives crazy get tuition assistance company agreed bad deal thank interest negotiation skills company choose receive future quotations simply reply message word unsubscribe subject body message negotiation skills company inc http www negotiationskills com e mail tnsc negotiationskills com,0,1,0.8288338070591562
google alerts upfvayctpoifzixuupfgooglecom google web alert uncertainty sampling welcome ieee xplore new framework uncertainty new framework uncertainty sampling exploiting uncertain applying new thresholding strategy rinscut uncertainty sampling day google alert brought google remove alert create another alert manage alerts wed aug google alert uncertainty sampling,0,1,0.4863799355160085
marko logar ecssjjivnregvcceaschallengecc wed aug fredy animator,0,1,0.9982809604386289
hr performance objectives binders good morning afternoon today everyone received binder placed mail slots others hand delivered receive binder please email call one delivered thank octavia x,0,1,0.7685318945992615
story henry wdktrgwgttbblfishnet published simple nevertheless hope still useful netbeans doap plugin read henry home page sun blog foaf name wed aug doapinterest doap netbeans plugin,0,1,0.4296718820861366
infoworld online resources spqegm vppepjbrpifwonlinenewslettersinfoworldcom two thirds software projects fail according standish groups chaos study improper usage software configuration management largely blame dowload whitepaper authored former scm analyst forrester research giga information group learn scalable scm best practices visit infoworld whitepaper library extensive offering whitepapers wide range topics including storage security networking longer wish receive emails infoworld online resources please update preferences thu aug forget onesizefitsall scm,0,1,0.5092236269433008
ecostcom hotsheet zmdzmeebecostcom view email web page go link copy paste browsers address window nikon megapixel coolpix s digital camera black megapixels x digital zoom lcd display mb storage memory usb interface optical lens shift vr image stabilization special offer jvc gb everio hdd digital camcorder gzmg x optical x digital zoom lcd nightalive lowlight recording digitalstill mode usb transfer hours recording time jvc recertified model special offer isonic megapixel in digital video camcorder black digital video camcorder takes photos megapixels interpolated key features builtin webcam voice recorder mp player sd card reader x digital zoom color lcd megapixel cmos mb internal memory special offer fujifilm megapixel finepix a digital camera megapixel super ccd sensor x optical zoom large inch lcd monitor easy framing playback automatic iso setting iso low noise mb internal memory manufacturer recertified special offer kodak new megapixel digital camera w highdefinition mode easyshare c megapixel x optical x digital zoom indooroutdoor display hd still capture digital image stabilization mb plus sd slot hdtv mode takes images display hdtv mail savings canon mp eos digital rebel xt digital camera kit efs mm lens silver includes lens frames per second frames second startup lcd usb transfer compact flash slot recertified canon special offer aluratek hi res digital photo frame multimedia playback black black wood frame use horizontal vertical wide file support jpeg bmp mpeg avi mp wma includes remote built speakers supports mmc sd ms cf cards plus usb port special offer nikon megapixel coolpix s c digital camera silver megapixels x digital zoom wifi wireless lan connectivity usb mb storage memory optical vr image stabilization minimizes effect camera shake special offer adata gb turbo x secure digital sd card adata turbo highspeed sd card extreme performance mb per second read speed fastestspeed sd card solution world mail savings jvc gb everio hybrid hard drive digital camcorder gzmg gb internal hard disk drive hr video photos aspect ratio x x optical digital zoom lcd screenmanufacturer recertified special offer canon megapixel powershot sd digital camera silver interline transfer ccd x optical x digital zoom f w f aperture lcd display digital teleconverter x x special offer simpletech gb portable usb hard drive gb portable hd hispeed usb interface rpm spindle speed mbps file transfer rate mb buffer size plug play compliant special offer lacie tb usb external hard drive tb desktop hard disk lacie highcapacity drive usb interface rotation speed rpm drive capable burst data transfer rates mbsec making excellent solution storage needs special offer nikon megapixel d digital slr lens kit effective megapixels instant second startup fast ms shutter response fps burst frames new area af system afassist illuminator special offer canon megapixel powershot sd digital elph silver x optical zoom advanced digic iii ensure topquality images focus fast sharp redeye automatically corrected special offer patriot memory gb secure digital sdhc card class class signature line highcapacity secure digital sd memory cards highspeed professional alternative mail savings nikon megapixel coolpix p digital camera black megapixels x digital zoom lcd display mb internal memory usb interface auto adjusts iso keep shooting even lower light special offer canon megapixel powershot a digital camera silver x optical x digital zoom color lcd display megapixel sd card compatible optical image stabilizer redeye correction special offer pentax megapixel optio a digital camera black x optical x digital zoom lcd triple anti shake face recognition digital zoom enhancement mb internal plus sdsdhc slot mpeg movie mode special offer joby gorillapod original featuring two dozen flexible leg joints bend rotate gorillapod firmly secure compact digital camera virtually surface special offer sandisk gb cruzer titanium u usb drive indispensible accessory virtually indestructible featuring titaniumcoated metal casing gives toughness unrivaled usb flash drives special offer jvc everio gb hybrid digital camcorder w megapixel digital stills sd card slot gzmg everio gzmg features color lcd display megapixel digital stills x optical x digital zoom digital d noisereduction mpeg recording autoflash sd card slot recertified jvc special offer canon hv high definition digital minidv camcorder techsavvy sophisticated discerning videographers demand premium quality camcorder canon hv enables ultimate hd video still photo quality special offer shomi digital photo frame white multiformat lcd picture frame suppors sd memory stick ms duo mmc cards jpg tif gif formats plays pictures slideshow mode special offer canon megapixel powershot sx digital camera black x optical zoom x digital zoom lcd display megapixel sd card compatible optical image stabilizer redeye correction special offer sony ghz vaio intel core duo dvdrw bluetooth wireless notebook w webcam vista business vgnsz nc ghz intel core duo l processor gb sdram gb hard drive dl dvdrw drive bluetooth wireless abgn nvidia geforce m gs lcd display wxga x webcam fingerprint reader windowsr vista business special offer axion lcd digital photo frame w mp playback lcd whiresolution hibrightness supports sd xd mmc memory stick plus usb port clock alarm calendar slideshow music mode remote control special offer pentax megapixel optio a digital camera x optical digital zoom shake reduction technology inch tft color lcd display megapixel approx mb builtin memory sd memory card removable manufacturer recertified special offer nikon megapixel coolpix l digital camera megapixel x optical zoom lcd mb internal memory plus sd card slot usb connect manufacturer recertified special offer nikon mm super zoom lens designed give optimal color contrast clarity reducing distortion includes nikon vrii vibration reduction technology special offer isonic megapixel superslim digital camcorder dv superslim stylish design megapixel cmos x pixels large lcd display voice recorder mb internal memory plus sd card slot rechargeable liion battery x digital zoom special offer olympus gb xd picture card type xdpicture card keeps photo movie files safe sound enjoy way want viewing sharing slideshows etc time special offer olympus megapixel stylus digital camera sw waterproof shockproof x optical x digital zoom color lcd display megapixel w facedetection technology mb internal memory plus xd memory card slot shockproof waterproof freezeproof dustproof design special offer nikon megapixel coolpix l digital camera silver megapixels x digital zoom lcd display mb internal memory usb connectivity optical lens shift vr image stabilization minimizes effect camera shake special offer kodak megapixel easyshare v digital camera silver color lcd display megapixel ccd digital image stabalization kodak retinar aspheric glass mm lens x optical x digital zoom sdmmc card slot mb internal memory kodak recertified model special offer coby electronics lcd digital photo frame w mp plays digital video music w simple click button compatible w multiple memory cards sd mmc ms xd cf usb drives av output use w home theater systems integrated stereo speakers special offer responsible manner honor typographical errors regards pricing content advertisement website free shipping promotion applicable platinum premium members eligible orders ecostcom policies subject change without notice best ship orders rapidly accurately possible however ecostcom liable late delayed shipments system failures pricing valid supplies last subject credit approval bill laterr offered chase bank usa na available us customers least years age quoted prices include applicable sales tax shipping fees want free cash website join ecostcom affiliate program today click c rights reserved ecostcom inc n sepulveda ste el segundo ca email sent ecostcom n sepulveda blvd suite el segundo ca usa respect right privacy visit following url view policy visit following url manage subscriptions visit following url update profile visit following url unsubscribe tue aug jvc gb hd camcorder lcd photo frame nikon mp,0,1,0.4951435357280785
michael scheidell gyutuumwjsecnapnet long pblspamhausorg server ns spamhausorg default server ns spamhausorg address pblspamhausorg server ns spamhausorg address nonauthoritative answer cant find pblspamhausorg answer find works restart name server flush cache try michael scheidell cto secnap network security winner network products guide hot companies freebsd spamassassin ports maintainer charter member icsa labs antispam consortium email scanned certified safe spammertraptm information please see thu aug pblspamhausorg,0,1,0.47580237469043435
password reset generated email reply need assistance contact isc help desk password account po reset,0,1,0.9493200260846208
harleyargotech robert harley today french officer called michel fournier supposed get metre tall helium balloon ride edge space km altitude jump fall last minutes reach speeds mach hopes open parachute manually end although automatic backup seconds ground still hasnt opened r obquote veder si aver si grossi li coglioni come ha il di franza lets see ive got much balls king france pope julius ii january sun sep cest big jump,0,1,0.5243203601077016
aep pmt confirm payment wed interest payment thur interest settlement agreement written based wed payment want argue another interest send pennies brian,0,1,0.8967042383048988
lessons hara kiri latin version mexico power strike set march mexico city members mexican union electrical workers plan strike mexico city electric company friday march th noon union demanding percent salary increase company offering nothing two sides even talking union concerned government may try force electrical workers stay jobs bring replacements union also opposed privatization electric company leader charged privatization would bring higher electric rates meet profit demands foreign investors company principally provides electrical service mexico city states mexico morelos hidalgo puebla may prudent begin planning possible power shortages regions pinkerton march,0,1,0.5479357835874953
rachel slater sicewtyxiutffgmailcom hi please brothers sisters wife cheers wed aug nan,0,1,0.9184674768449969
fw rock bottom hey guys know late notice free tonight stop rock bottom share birthday drink walking anyone wants walk hope see virginia,0,1,0.7091087928043147
job montreal poste de professeur e regulier ere en phonologie le departement de linguistique de l uqam sollicite des candidatures pour un poste regulier temps complet en phonologie profil des fonctions enseignement et encadrement aux etudes de premier cycle et aux etudes avan cees assurer la vitalite de la recherche dans le domaine de la specialite services la communaute exigences ph en linguistique experience enseignement universitaire solide dossier de publications recentes dans des revues avec jury attestant une competence dans le domaine vise date entree en fonction er juillet l uqam souscrit un programme acces l egalite des femmes en emploi con formement aux exigences relatives l immigration au canada ce poste est fert aux citoyenses et aux residentses permanenteses traitement selon la convention collective spuquqam les personnes interesses sont priees de faire parvenir un curriculum vitae en francais date et signe incluant le nom l adresse et le numero de telephone de trois repondants avant le mai robert papen directeur departement de linguistique uqam c p succ montreal quebec h c p telephone telecopieur email r uqam,0,1,0.6855570374357927
intern offers ut dear ut team wanted let know following summer interns received offers amy mohan grad invitation intern next summer joanna li jana pair brenton baxter eric efron katherine jett dana lipp denise olson touch various team members soon order insure cultivation efforts also incorporate dinner candidates one future trips austin great day lexi,0,1,0.48418287924746206
fee returning customers proposed legislation major bill direct access time sbxx draft bill language section part e would allow ca dwr get fee direct access customers return utility service avoid imposing costs customers state esps would pay fee send customers back bundled utility service fee would equivalent unvoidable costs imposed department portfolio attributable load returning customer esps would required post bond demonstrate insurance coverage serve customers far latter requirement applies esps serve small customers could envision expanding esps,0,1,0.400077206794464
buycom ebnwzqenewsbuycom samsung bw widescreen lcd monitor dc ms dvi black free budget shipping mailin rebate rebate buycom price list price imagine elbow room screen imagine exactly get samsung bw series widescreen lcd monitors wide aspect ratios let multitask room one application time extra room also makes working graphics programs multiple tool pallets easier info item click sandisk sansa m gb mp player w fm tuner refurbished free budget shipping buycom price info item click kingston gb hispeed datatraveler usb flash drive save free budget shipping buycom price list price info item click kingston gb microsdhc micro secure digital sd high capacity card save free budget shipping buycom price list price info item click garmin streetpilot c portable gps system w preloaded maps refurbished free budget shipping mailin rebate rebate buycom price list price ready go right box preloaded city navigator nt street maps info item click cavalry gb rpm usb esata dual interface external hard drive free budget shipping mailin rebate rebate buycom price comes remarkable set features info item click sandisk gb memory stick pro duo save free budget shipping buycom price list price info item click seagate freeagent gb usb portable external hard drive free budget shipping buycom price info item click norton free budget shipping upgrade rebate mailin rebate rebates expires buycom price list price allinone protection keeps pc information secure info item click corel wordperfect office x home student edition save free budget shipping buycom price list price info item click pinnacle showcenter hd free budget shipping mailin rebate rebate buycom price list price info item click roxio easy cd dvd burning free kingston gb data traveler usb flash drive save free budget shipping buycom price list price info item click mcafee virusscan plus pc save free budget shipping buycom price list price info item click logitech v laser cordless mouse notebooks free budget shipping mailin rebate rebate buycom price list price exceptional comfort great performance enhanced reliability info item click trilink port hdmi switch w remote to save free budget shipping buycom price list price connect hdmi signals single port info item click logitech quickcam messenger webcam black usb free budget shipping mailin rebate rebate buycom price clear crisp sound quickcams builtin microphone rightsound technology info item click brother mfc n network multifunction laser printer save free budget shipping buycom price list price info item click zyxel ag h abg wifi finder usb adapter soft access point free budget shipping mailin rebate rebate buycom price list price info item click brother hl cdw color laser printer w wireless interface duplexing save free budget shipping buycom price list price fast affordable color laser printer info item click cables go hdtv connection kit w outlet home theater surge suppressor free budget shipping mailin rebate rebate buycom price list price info item click ezjam supra guitar playstation free budget shipping mailin rebate rebate buycom price list price info item click zboost yx pcscel wireless cell phone signal booster single user free budget shipping mailin rebate rebate buycom price list price zboost zp extends cell zone single user dorms hotels homes offices info item click k white gold journey curve diamond pendant save free budget shipping buycom price list price ships sold divadiamonds info item click belkin hdmi hdmi cable black free budget shipping mailin rebate rebate buycom price list price info item click wowwee rc flytech dragonfly green save free budget shipping buycom price list price info item click belkin hdmi hdmi cable black free budget shipping mailin rebate rebate buycom price list price info item click share love share music share zune super slim zune gb zune gb fit anywhere go everywhere perfect portability great prices free shipping info item click list price suggested retail price provided us suppliers make representation substantial number products sold offered sale list price actual retail prices area may substantially different sell merchandise internet national basis possible know merchandise sold list price particular location particular time save reflects difference price supplierprovided list price shown sites list price may different actual retail prices area may actually realize savings amount may want make exact comparison checking prices internet local retailers prior making purchase prices product availability subject change without notice unless noted prices include shipping applicable sales taxes product quantities limited please visit us buycom links information including latest pricing availability restrictions offer buycom trademark buycom inc buycom inc c buycom inc enterprise aliso viejo ca rights reserved account name user gvcceaschallengecc respect privacy would rather receive email alerting buycom special offers product announcements news let us know clicking wed aug garmin gps ar gb flash drive mp player,0,1,0.4429805079883785
joost pvosgprejoostcom check email website click joost whats week worlds stupid criminals braindead future darwin award winners ending prison might best thing could happen mightve watched cops uncut braindead crime channel trying life crime maybe paying back britains embarrassing parents seen braindead reality channel watch worlds stupid criminals featured videos green day music videos live concert footage decade trio introduced suburbia punk waterproof mascara course sparked fare bit controversy along way example punk discuss watch green day channel tech closeup tv tech company keep pretty close eye industry guys bring latest developments without rss reader latest trends innovations technology shapes daily life activities watch learn watch tech closeup tv evangeline lilly wins best wet tshirt fight scene morning news show brings latest headlines news cant start day without like results fifth annual strong women television awards ceremony honor leading women tough look good watch evangeline lilly akon cant wait akon teams tpain music video last single album konvicted watch akon nickelback rockstar cameoladen video features hugh heffners girlfriends kid rock lupe fiasco watch nickelback rfm acid square dance visual explosion liberates global underground movement advanced electronic music watch rfm click unsubscribe newsletter copyright joost thu aug week worlds stupid criminals green day evangeline lilly,0,1,0.7053290162569602
adobe edge directadobesystemsmacromediacom subscription confirmation receive adobe edge newsletter welcome edge edge subscription confirmed adobe edge newsletter published every eight weeks contains original content geared toward informing enlightening inspiring web professionals look forward sending first issue interim start exploring edge immediately view current issue view past issues thank subscribing edge adobe edge team unsubscribe advertising message adobe systems incorporated subsidiaries affiliates adobe park avenue san jose ca usa would prefer receive email like adobe future please respond email include unsubscribe subject line send email directadobesystemsmacromediacom privacy important us please review adobes online privacy policy clicking copyright adobe adobe logo either registered trademarks trademarks adobe systems incorporated united states andor countries trademarks property respective owners copyright r adobe systems incorporated rights reserved thu aug adobe subscription confirmation,0,1,0.7464014113132557
smithsonian journeys bobovvbgsmrldsdvbobemailsmithsoniancom smithsonian journeys february inspiring performances backstage tours spoleto festival usa jun smithsonian journeys performing arts tours offer spectacular access worldclass performances music opera dance theater around world enjoy prime seating six spoletos top events attend three broadway plays enjoy private tours historical theaters new york cheer favorite ballroom dancers compete title dazzling united states dance championships orlando delight three highly acclaimed shakespeare performances popular stratford theatre ontariocanada demand great dont delay booking one extraordinary performing arts programs call book online smithsonianjourneysorg featured performing arts journeys backstage broadway nov meet professionals shape broadways hits enjoying theater best strictly ballroom sep enjoy behindthescenes access dazzling united states dance championships orlando stratford theatre festival aug visit charming town stratford enjoy prime seating shakespearean plays well modern classics additional links click view complete listing us tours click view complete listing international tours visit smithsonianjourneysorg smithsonianjourneysorg maryland avenue sw suite washington dc pass email friend comments send bobovvbgsmrldsdvbobsiedu change address unsubscribe click smithsonian institution rights reserved thu aug worldclass performing arts tours smithsonian,0,1,0.6955548272260204
dianne meyer cwfwvgvcceaschallengecc also say teeth told bath mum fri aug samuel,0,1,0.6091414852205894
mino xjvoqdhgmailcom hello want buy script minute want know okey insert phpadsnew openads code inside scriptso viewing images banners showing thank mino fri aug urgent,0,1,0.6063069323010567
bnp paribas unable reach john arnold afternoon important bnp paribas nymex operations replacement brokers willing rely,0,1,0.534042307575911
eleanor blume eblumealumwellesleyedu picked textplain multipartalternative generics fuel aids program sarah lueck july page b washington companies make generic drugs many based india dominate president george w bushs program provide aids treatment poor countries generic drugs copies combinations brandname products accounted million us spent program fiscal according office us global aids coordinator generics accounted programs funding time us approved generics antiaids initiative money went buy brandname drugs often expensive aurobindo pharma ltd genericdrug maker india biggest player fiscal ended sept presidents emergency plan aids relief pepfar spent million aurobindo pharma products fight hiv aids indias cipla ltd received million ranbaxy laboratories also india received nearly million south africas aspen pharmacare holdingsltd received nearly million pepfar sells generic aids drugs countries produces brandname products partnership gilead sciences inc foster city calif pepfars shift generics past two years followed bush administration decision set special approval food drug administration drugs marketed us patent exclusivity laws protect brandname versions pepfar provides treatment patients poor countries mostly subsaharan africa bush officials came fire program began five years ago activists generics industry complained requirement fda approval skewed purchases toward moreexpensive brandname products meaning fewer people would treated wednesday mr bush signed billion fiveyear expansion program draws widespread praise viewed major part legacy congress must appropriate funds also go toward treatment prevention malaria tuberculosis pretty clear system working well protects african families like american families protected said ambassador mark dybul us global aids coordinator pretty methodically said going pepfars spending brandname drugs totaled million fiscal year million merck co appeared biggest recipient funds nearly million going whitehouse station njbased company glaxosmithklineplc uk received million pepfar including licensing agreements makers generics abbott laboratoriesof abbott park ill received nearly million generics companies pleased changes past two years earlier work well none products approved said yusuf hamied ciplas chairman managing director competition money put better use said funds cipla receives pepfar arent significant business perspective company participates humanitarian reasons helped build pressure brandnamedrug companies lower prices poor countries key affordable accessible medicines think generic industry made contribution positive way pepfar said chuck caprariello ranbaxy spokesman write sarah lueck sarahlueckwsjcom iphealth mailing list iphealthlistsessentialorg tue aug iphealth wsj generics fuel aids program,0,1,0.8050031150606358
damien morton damienmortonacmorg highly error corrected atomic level d encoding scheme relies shape colour chemical make uniquely identify every object universe objects uniquely identify theres need barcodes tue aug nytimescom article bigger bar code inches retailers,0,1,0.5143813282958054
astrologycom specials mailingsastrologycom dear gordon discover spirits bygone existences influencing free sample past life reading personalized portrait help embrace previous lives understand positively impact life today try free sample first upgrade fulllength version save ps explore days ahead insights free sample numerology oneyear forecast pass forward offer friendyour personal information safe secure astrologycom manage subscriptions unsubscribe click follow unsubscribe instructions manage subscriptions ivillage group commercial mailings please click information obtained emailing mailingsastrologycom need email us please include following line reply email recipient gvcormacgvcceaschallengecc astrologycom co ivillagecom sylvan avenue nd floor englewood cliffs nj annmn njv njv nr f njv mub aubft annmn njv njv nr f njv mub aubft wed aug gordon haunted past life,0,1,0.7218652297139736
adres marysi robertlu friko onet pl,0,1,0.7041995062848074
links place talking http www ivacation com p htm links worth checking http www texasvacation com http www turtlecreeklodge com http www roddytree com http www texashillco com http www reaganwells com,0,1,0.9834161870494389
rochellemyhealthwealthandhappinesscom dear memo birthday almost sending best wishes happy healthy funfilled day may celebrate warmth friendship deserve may realize heartfelt dreams year ahead fondly wed aug happy birthday wishes rochelle,0,1,0.813689557490192
table contents instituto universitario ortega gasset madrid edited fith issue iuog working papers linguistics cuadernos de linguistica del iuog following contents cuadernos de linguistica v contents eva berkes minimalist approach negative concord violeta demonte barreto minimal account spanish adjective position interpretation olga fernndez soriano impersonal sentences spanish locative dative subjects dionisio hernndez cmara condiciones estructurales mnimas del movimiento explcito isabel nieto herranz prepositional prefix co syntactic semantic properties teresa mara rodrguez ramalle bases para un estudio sintcticosemntico de la interpretacin del adverbio natalia snchez lefebvre stylistic movement dp evidence possessive constructions price price include shipping handling charges prices u dollars subject change without notice orders information current volumen well previous ones must sent following address cuadernos de lingstica instituto universitario ortega gasset u g c fortuny madrid espaa spain ph fax purchase method transfer bank account send total amount purchase copies current number well previous ones following bank account ccc banco exterior de espaa bex c serrano madrid spain please include copy receipt order form send aforementioned address orders spain check spanish currency order spain check u dollars payable instituto universitario ortega gasset total amount include order form cash delivery c case purchase amount include shipping handling charges,0,1,0.49054005963597325
bass pro shops iwhncgbbasspronewscom email sent bass pro shops ensure delivery inbox bulk junk folders please add iwhncgbbasspronewscom address book view email message system may compatible format view email copy paste entire link browser take online version email friends bass pro shops descriptive typographical photographical errors subject correction bass pro shops e kearney springfield mo update email preferences longer wish receive email newsletter click view privacy policy copyright bass pro outdoors online llc rights reserved thu aug apparel clearance sale bassprocom,0,1,0.5703489216240832
astrologycom daily wish dailywishrpastrologycom astrologycom horoscopes love psychic readings predictions numerology chinese tarot astrology readings dear gordon daily wish thursday august see cat eating grass quickly make wish turn away wish come true mustnt see cat day see cat looking fire tail away fire make wish dont ever make wish cat whose tail toward fire opposite wish may happenif see cat washing face touch cheeks chin make wishif black cat crosses path make wishif black cat crosses path say black cat bring luckif meet black cat stroke three times head tail make wishthis powerful seeing black catif see white cat make wish sayingwhite cat furdrinks milk dishwhite cat purrand bring wishif cat purrs making wish good chance wish come trueif gray cat crosses path sign good luck strengthen luck making wish good luckif see threecolored cat make wish repeat three timesshould calico cat tree make wish say cat tree wish methe first time meet given cat stroke seven times repeating wish stroke astrology free reading daily divinations relationship potential reading clarify romantic target relationship profile two hit bullseye every time overview singles love cosmic calendar quickie chinese lesbianscope teen babyscope dogscope home garden greenscope extended couples love work astroslam feng shui tip gayscope flirt beautyscope catscope espa ol tarot card day video feed room copyright lo scarabeo srl tarot journey orient temperance temperance card suggests alter ego today mediator whose superpower negotiation lies innate ability create right chemistry within particular situation continual work progress strive equality balance compatibility driven innate sense fairness provides certain degree predictability actions recipe success things truly worthwhile life love art sketched painted atop canvas mutual respect foundation allows occasional brush stroke cover mixed message misunderstanding avoid use paint roller take one day time valuing things openness provide proper balance allow proper action needed blabber sienna miller blows top bat signal lights gothams night family drama smacks brooke hogan top free sample readings personal profile romantic compatibility karma loves choices tarot reading numerology oneyear forecast explore astrologycom free sample readings full personalized readings celebrity day love romance astrology lessons psychic advertisement sponsored links yahoo click wish edit current information sign additional newsletters click unsubscribe daily wish guide need email us please include following lines reply email recipient gvcormacgvcceaschallengecc annmn kd kd nr f kd mub aubft wed aug astrologycom daily wish guide,0,1,0.6544320552454533
astrologycom daily tarot dailytarotrpastrologycom astrologycom daily tarot please add dailytarotrpastrologycom address book ensure newsletters delivered correctly image copyright lo scarabeo srl ten wands card suggests power today lies conscience aint heavy hes brother responsibility baggage chosen carry ready lay weight burden secret hiding behind belongs order reconcile conscience want right alone empowered blind faith fulfilling purpose greater good transform passion direction principle love cards summer find whats store free psychic tarot reading call big picture tarot try free sample big picture tarot reading astrologycom show fast track career success advertisement like ocean waves two make splash test waters free sample romantic compatibility reading sponsored links yahoo whats watch beckham lauren conrad honored teen choice freeman survives wreck serious condition morgan freeman remains serious condition click wish edit current information sign exciting newsletters click unsubscribe need email us please include following lines reply email recipient gvcormacgvcceaschallengecc annmn mlo mlo nr f bl mlo mub aubft tue aug astrologycom daily tarot,0,1,0.4344921039433512
eta link hyperlink active eta change number country id accordingly http www enrononline com docs eta eta html uk http www enrononline com docs eta eta html us country id country name argentina australia austria belgium bermuda canada cayman islands chile china croatia czech republic denmark finland france germany gibraltar greece hong kong hungary india ireland israel italy japan latvia mexico monaco netherlands netherlands antilles norway peru poland portugal romania russian federation singapore slovakia slovenia south africa south korea spain sweden switzerland taiwan turkey usa united kingdom virgin islands british,0,1,0.7594787285530954
party miss amy house fri would like get together amy friday around pm dinner drinks wish farewell bring whatever would like drink amy thinking making fajita please let know able join directions downtown sw comus st phone take south take capitol hwy exit bear right exit turn right capitol hwy cross barbur next light make left onto read amy writing need clarify stop sign take right onto th pass jackson middle school take first right rd house right,0,1,0.40318623233557876
westport big tall yomlbbqbkilqwestportbigandtallcom burberry blazer sport shirts ted cant see email please go shirts pants activewear sweaters outerwear underwear accessories shop westportbigandtallcom shop phone westport catalog request email signup questions call us toll free westport westport big tall windward ridge pkwyalpharetta ga click removed list fri aug burberry blazers sport shirts,0,1,0.8045518560165174
kathryn allan pnmgrheelconz hi getting tones sort email learning spam last days far much luck start message examples aloha real men milliions people acrosss world already tested goedendag real men mmillions people acrross world already tested thanks kate thu aug suggestions block spam,0,1,0.576744382002709
fw please read delete original message fletcher thomas sent monday july susie catherine glover rusty almaguer michael dewey daniel beard jaime subject fw please read delete original message seth graham mailto sethgraham tcainternet com sent sunday july pm tyler shambro troy combs tommy mount tommy boyce e mail tim herbst tim davidson thomas willman e mail fletcher thomas simmons shane kerr sean kemper e mail scott hylton e mail robert carr richard harris e mail patrick maclurin parker baum nicholas vaughan mike michael huffman matt england matt berry laura follette kelly beth konieczka joe bearre keyes e mail jeff jason stringer e mail jason brewer eric prakop eric burcham emily graham dennis perritt dax rizo e mail darrell daniel j marchand dan crothers e mail crduffy aol com chris traylor e mail cherie c heller charlest burke donovan cci new orleans brandon reed e mail bo harris ben stutts ben prakop andrew maestrini amy bateman allison baum allen harris aaron bragg subject fw please read delete original message gregory fulcher sent sunday july subject fwd please read delete boyl excite com richdog yahoo com mobiletel com alxwilliams hotmail com bpb pds btr com btoups lwcc com cadechiasson hotmail com callahantroyt jdcorp deere com liz yahoo com copperdawn excite com carolinedu hotmail com deaton aol com fieldsltd aol com flutchl hotmail com zigzag cajun net jeffgros peoplepc com bretta peoplepc com chilll hotmail com benoitjasonp johndeere com jason templet oxy com kytlc prodigy net jloeskl lsu edu jloeskefg hotmail com percllv starent com mark belteau uniroyalchemical com jenilyn mobiletel com smatherne rjhs lafourche kl la us mchiasson internet net nock hotmail com jpontif yahoo com dj jroc excite com rtros hotmail com scuff gateway net boredboy mindspring com zee mobiletel com garrettz web net com subject fwd please read delete date wed jul pdt original message message id date tue jul pdt dawn marie boyl excite com tsavager aol com dede aol com cleoj msn com memeswann aol com stoneol bellsouth net bkrygodess aol com subject fwd please read delete great day dawn say bye slow internet http www home com xinbox signup html flyingbirdo aol com dcall seidata com collinstenn cs com ashley ticz com wheat mindspring com bfrenchl hoosierlink net jhays kiva net lkelsey rtccom net hlampkin telepak net glin aol com fritzi aol com sunnybelll aol com nanajodon cs com morningstar earthlink net gallahadd worldnet att net snaptome yahoo com dsimm aol com jblaydoe ccrtc com memeswann aol com beunger comteck com diunroe juno com swoolz aol com date tue jul subject please read delete message id hester e morris subject fw fw fw please read delete got email lucky delete dollars get money send people box appear screen sent really works try take min time send believe sorry people people people people people keep sending iwon com http www iwon com woundn chuck andi prior p box pearl moville ia home prior netins net work priorc lawton lawton bronson kl ia us home page http www netins net showcase prior peace say bye slow internet http www home com xinbox signup html get private free e mail msn hotmail http www hotmail com,0,1,0.6833402675716225
procedure turning hour products enrononline order hour products suspended please call enrononline control center sorry confusion morning,0,1,0.4503383736100642
wichai narongwanich dear toni please arrange payment wichai sigining bonus agreed upon time offer thanks krishna,0,1,0.8627637121108526
common dreams commondreamsmaildemocracyinactionorg common dreams breaking news views progressive community tuesday headlines book claims white house knew iraq wmd democrats drilling saving planet saving party nearly half worlds primates risk extinction doubts anthrax story us may taped visits detainees california fights nestles plan bottle pristine waters alarian case leave america free views john macarthur money morals obamas candidate hedgefund partners thomas frank follow dime misgovernment accident george w bushs washington shepherd bliss slow food nation gains momentum george monbiot stakes could higher everything hinges stopping coal glenn greenwald fbis emerging leaking case ivins eg vallianatos revoke epas licenses pollute katha pollitt stealth assault reproductive rights newswire food water watch take back tap people say bottled water slow food nation center biological diversity greenpeace natural resources defense council state alaskas lawsuit overturn endangered species act protection polar bear public employees environmental responsibility peer climate staff urge epa come clean congress physicians national health program pnhp millions chronically ill lacking insurance cant get needed care tue aug news views,0,1,0.5283930431500422
sarah rimmington srimmingtonessentialinformationorg global access medicines bulletin issue august colombian health organizations seek generic aids drug july colombian public health hivaids organizations stepped efforts facilitate access important hivaids treatment filing requests colombian government open compulsory license lopinavirritonavir brandname kaletra issued compulsory license would permit introduction significantly affordable generic versions drug throughout country exchange royalty payments patent holder chicagobased abbott laboratories compulsory license request comes three months civil society groups first requested voluntary license directly abbott date company responded groups request hivaids serious health problem colombia official statistics show approximately people diagnosed disease though true number cases estimated closer groups initiated compulsory license request estimate people living hivaids colombia currently require antiretroviral arv treatment receive hivaids third leading cause death men ages colombia government must let people die exists simple affordable solution helping people hivaids live normal lives says francisco rossi ifarmahai health action international one colombian organizations initiated compulsory license requests lopinavirritonavir lpvr important secondgeneration treatment hivaids colombia brandname version product kaletra available patients kaletra expensive unaffordable much population country average income us abbott sells kaletra public sector suppliers approximately per patient per year private sector suppliers much however generic lpvr currently available peru bolivia less per patient per year also soon available throughout latin america little result recent clinton foundation deal abbott charges patients colombia kaletra charges countries region company sells little per patient per year colombian civil society estimates competition government alone could save well million annually civil society organizations suggested savings could invested many possible ways scaling numbers patients receiving hivaids treatment strengthening colombias health system patients private insurers buy significantly larger quantities drugs government thus cost savings resulting introduction generic competition lpvr would also much larger colombian government legally issue compulsory licenses pharmaceutical patents world trade organization andean community rules domestic law colombian government obliged reply compulsory license request within reasonable amount time colombian civil society organizations meeting government officials discuss request coming weeks meanwhile international aids conference mexico city yesterday health advocates around world demonstrated released letter support colombian civil society request issuing compulsory license case help promote access medicines wrote groups high price charged abbott patent holder medicine constitutes barrier access hinders efforts make antiretroviral treatment available colombia need web links secret treaty may interfere generic medicines new international treaty negotiation known anticounterfeiting trade agreement acta may interfere efforts promote generic price competition pharmaceutical industry according public health campaigners united states european union japan south korea canada mexico australia new zealand negotiating acta text remains secret treaty aims establish heightened common international standard border controls copyright trademark patent enforcement last couple years brandname pharmaceutical industry allies increasingly called attention issue counterfeit medicines industry us government world health organization implemented daunting array projects address pharmaceutical counterfeits acta would extend far beyond initiatives however public health advocates say counterfeits legitimate public health concern subset bigger problem substandard medicines rich poor countries public health agenda would focus quality medicines narrow patent trademark issues say pharma however interested narrow focus patent trademark issues arguments pharma allies counterfeiting blur lines fakes generics undermining public confidence generics pharma also uses counterfeits justification oppose reimportation pharmaceuticals commonly known parallel trade parallel importation outside united states reimported drugs move outside brandname firms control may repackaged argument runs certainty reimported pharmaceutical legitimate acta text remains secret exactly contains unknown phrma us brandname drug industry association suggested treaty impose liability manufacturers active pharmaceutical ingredients apis apis used make counterfeits liability system may make api manufacturers reluctant sell legal generic drug makers thereby significantly damage functioning legal generic pharmaceutical industry industry recommendations would interfere drug reimportation g s recent declaration world economy implored negotiators include acta negotiations year acta see web links see example essential action public health corporate accountability group located washington dc essential actions access medicines project worked global access medicines issues decade information work go published essential actions access medicines project po box washington dc usa tel editors sarah rimmington srimmingtonesssentialinformationorg robert weissman robessentialorg subscribe free global access medicines ebulletin go sarah rimmington attorney essential action access medicines project washington dc tel cell iphealth mailing list iphealthlistsessentialorg thu aug iphealth colombian groups seek generic aids drug secret treaty may interfere generic meds,0,1,0.4672654008972331
elias eliascseucscedu given apparent commonality occurances companies appear losing large amount money mailing tiny checks cant simply credit account question next bill granted account closed option elias christopher haun wrote eheh ill yah one better check place moved id go scan time warner cable tue oct absurdities life,0,1,0.568029900280253
gardeners supply fkteidhirenewsgardenerscom gardeners supply revolutionary way grow tomatoes email sent gardeners supply click see online deluxe pyramid composter tomato success kit terra cotta red tomato ladders teak stool bogs womens raised bed corners cowpots deluxe rain barrel brushed stainless steel compost pail ultrabright solar spotlight colorful tubtrug globe cage feeder place order phone please call mention code lna a dont lose touch us please add fkteidhirenewsgardenerscom email address book ensure emails reach inbox bulk junk folders trouble viewing page click unsubscribe info subscribed tjmcognosysnet would like change modify subscription unsubscribe please follow link call gardeners supply company intervale road burlington vt thu aug introducing revolutionary new planter,0,1,0.5511703556435685
translators needed women women posting following message friends list would like use language skills help women survivors war bosnia croatia women women u based nonprofit sponsorship program sending letters money month region desperately seeking volunteer translators translate letters english even manage handful letters month would lighten load translators information call office leave message zainab robin thank may also send email message mima seur voa gov forward women women,0,1,0.605619973627336
holiday party save date please click link save date,0,1,0.43543142718794614
anjam kirstee suspected position vs makes difference first table first column var number position gold silver prices second column var position dummy gold silver prices second table first column var position gold silver prices second column would ask plug gold silver prices see kind numbers get order verify page please refer modelvar xls sent gold silver prices volatilities thank cantekin table table,0,1,0.47298928891745534
photospin amwmuficurphotospincom photoshop video tutorial adding spot colors cmyk files forward email email sent user gvcceaschallengecc amwmuficurphotospincom update profileemail address instant removal safeunsubscribetm privacy policy email marketing constant contactr photospin oceangate suite long beach ca tue aug photospin occasional tip,0,1,0.678761267919833
rok lenarcic zvozxlpqrmvgvcceaschallengecc funny wed aug star wars geeki,0,1,0.87854077730688
threadless newsletter cplitdgncethreadlesscom email best viewed web browser click link see sent email jmthreadlessjmasonorg longer wish hear us click link instantly unsubscribe thanks threadless newsletter wed aug hoody sale dollars hours,0,1,0.5007889376316838
negotiation skills company inc newsletter aug fighting fires without burning bridges sm occasional newsletter negotiation skills company inc tnsc website even accessible question issues search advice section find relevant answers follow link q reverse equally true negotiation technique called active listening crucial element listening closely elements responses questions questions one asks oneself questions asked people less important respond people say checking make sure understood points may want say understood said understanding correct also want indicate fact understand said necessarily mean agree clinging visual indicators independence critical vital sign fear loving relatives something bad happen balanced knowledge kick someone self esteem attacking vulnerable part anatomy negotiate away person self esteem destroy frontal flanking attacks frustration faced folks see loved ones failing take proper care phenomenal often people advocated professional care ultimately must mutter hopefully unsatisfying statement told question indicate crisis forces choice perhaps best approach prepare safety net ready crisis occurs prevent crisis happening crucial make sure crisis worsened forcing victim lose face safety net ready least reduce force fall relationship one seven significant issues consider negotiation focusing relationship elderly parent friend letting decrepitude get way love caring make much easier someone self esteem attacked crisis looking oneself saying fault way avoiding blame rather giving loved one freedom make mistakes first time gave us keys car tnsc news negotiation skills company website www negotiationskills com getting million hits year means average visits every day newspaper magazine articles us across north america featured translation web magazine poland last word look back somebody may gaining baseball star satchel paige take care steve negotiation skills company fighting fires without burning bridges phone fax http www negotiationskills com,0,1,0.5899163068158441
uxbod octnksplatnixnet well done michele pure class regards uxbod pgp key curl gpg import fingerprint c f d b c bd fb b f db b keyserver keyid x db b phone sip phone octnksipsplatnixnet message scanned viruses dangerous content mailscanner believed clean wed aug ot funny side spam,0,1,0.47915193382160987
daryl c w oshea wlbpaliggfaddostechca hmm broken jlapacheorg wrote author jm date sat feb new revision url log promotions validated modified spamassassintrunkrulesactivelist modified spamassassintrunkrulesactivelist url spamassassintrunkrulesactivelist original spamassassintrunkrulesactivelist sat feb active ruleset list automatically generated results day bbfredt cthielen dos jm theo zmi day cthielen dos jm theo zmi day bbfredt cthielen dos jm theo zmi results day bbfredt cthielen dos jm theo zmi day bbfredt cthielen dos jm theo zmi day cthielen dos jm theo zmi tflags userconf all trusted good enough apostrophe from tflags userconf awl fh fake rcvd line good enough fh fromeml notld good enough fh has xid good enough frt discount good enough frt levitra good enough frt penis good enough xmailer mimeole ol b good enough xmailer mimeole ol f good enough xmailer mimeole ol ac d good enough xmailer mimeole ol b good enough xmailer mimeole ol bf c good enough xmailer mimeole ol f good enough xmailer mimeole ol e good enough xmailer mimeole ol ff good enough xmailer mimeole ol bf good enough good enough xmailer mimeole ol adff good enough xmailer mimeole ol b d good enough xmailer mimeole ol b b thu aug svn commit r spamassassintrunkrulesactivelist,0,1,0.4635919530782955
victory setbacks victory definitive statement ubs brand product ubswenergy ok w still sucks looking bright side setback still started marketing top due phone numbers connecticut today b approved cover letter legal turns everyone thought someone else despite repeated calls chasing plan minutes ago lou eber approved cover letter lou specified requires approval mark taylor claudia robinson assume approvals morning start marketing dave,0,1,0.5844042675308275
karl anderson kramonkeyorg adam l beberg writes vcs dont care success venture jobs involved arent funding innovation stimulating growth fueling economy possibly replace take asap dilution goal take means nessecary sell someone else paid within years less thats nice simple basedongplthing gives way irrelivant vcinvestment world interestingly vc convinced zope corp go opensource karl anderson kramonkeyorg jul engineers view venture capitalists,0,1,0.4013536890140471
enron capitalism primer succeed business capitalism two cows sell one buy bull herd multiplies economy grows sell retire income enron capitalism two cows sell three publicly listed company using letters credit opened brother law bank execute debt equity swap associated general offer get four cows back tax exemption five cows milk rights six cows transferred via intermediary cayman island company secretly owned cfo sells rights seven cows back listed company annual report says company owns eight cows option six,0,1,0.5029262165855534
solarc situation lawsuit involving solarc,0,1,0.6285408480805267
call receive rush jim lokay sales representative british parts international ext mailto britishparts com,0,1,0.6122242341601131
westport big tall yomlbbqbkilqwestportbigandtallcom additional sale items ted cant see email please go shirts pants activewear sweaters outerwear underwear accessories shop westportbigandtallcom shop phone westport catalog request email signup questions call us toll free westport westport big tall windward ridge pkwyalpharetta ga click removed list tue aug additional sale items,0,1,0.4567829428717612
si back si back folsom,0,1,0.8318530214960128
joyful abcusa hotmailcom multipart message mime format nextpart fc c fe afe b contenttype textplain charsetiso contenttransferencoding quotedprintable attempted deliver message html formatting however email program support htmlenhanced messages please go email settings group change email preference text msn groups nextpart fc c fe afe b contenttype texthtml charsetiso contenttransferencoding quotedprintable new message one income living hi im new reply reply sender recommend message discussion joyful thank ill careful choose invest invest college fund bound every month going downhill opened account february never gained value ever since dont know much investment hate see happened view groups category also msnstart chatting listen music house home try online dating daily horoscopes stop getting email change often arrives go email settings need help youve forgotten password please go passport member services questions feedback go contact us page want receive future email msn group received message mistake please click remove link preaddressed email message opens simply click send email address deleted groups mailing list remove email address one income living nextpart fc c fe afe b fri aug hi im new,0,1,0.8212844071130903
crsuyivqmasseyacnz health counselling centre weekly supply liquid nitrogen available till thursday suitable treat warts verrucas skin tags scaly lesions phone appointment nurse cost per visit thu aug liquid nitrogen,0,1,0.8094741861337873
hello direct svbyrwvuahahellodirectchtahcom hellodirectcom leading online telecom resource want view email images please go limited time offer email customers save presidents day instant coupons final days instant coupons save click email great deal friend get sales support hello thats please reference promotion code contacting hello direct offer ends offer valid previous purchases combinable promotion offer corporate pricing web purchases placed pm eastern standard time processed next business day secondday delivery take privacy seriously questions online privacy policy please visit web site special offer sent valued guest hope useful intended change email address unsubscribe special offers please go subscribe hellodirectcom special offers go hello direct inc northeastern blvd nashua nh tel fri aug last days save instant coupons,0,1,0.5008453481501497
fedmarket uiaregifedmarketcom gsa schedule proposal preparation gsa schedule direct way lower barrier entry federal marketplace provides tool feds want use purchase reality preparing gsa schedule proposal painful unnecessary complexity inscrutable requirements prevent presenting organization best light fedmarketcoms elab day workshop designed overcome gsa schedule proposal preparation complications fedmarketcoms gsa proposal preparation elab fedmarketcom elab work avoid leaving money table likely one largest customers propose highest prices possible government unique situation presented compelling persuasive way strategic tactical insight weave proposal information lost translation one writing proposal going back forth documents already completed extensive elab checklist sent advance dont drag proposal writing exercise work prepare readytosubmit proposal three days fewer fedmarketcoms gsa proposal preparation elab work process preparing gsa proposal elab proven hundreds organizations written numerous testimonials positive experience approach simple register fedmarketcoms day gsa proposal preparation elab choose schedule best fits product service complete information gathering outlined fedmarketcoms request information document spend three days fedmarketcom tackle project leave readytosubmit gsa proposal offering celebration future success starts register questions please call ext write cabvpthefederalmarketplacecom please reply email mailbox monitored receive response policy never send unwanted email messages sent message previously registered fedmarketcom expressed interest receiving information public sector business opportunities wish removed email list please send request copy original email po box ketchum id immediate removal follow link fri aug readytosubmit gsa schedule proposal days less,0,1,0.800131219853563
spanish corpora looking sites obtain information spanish corpora parsing tagging systems easily adaptable spanish thank much advance pablo accuosto instituto de computacion facultad de ingenieria montevideo uruguay,0,1,0.4725932861826898
agnello george nydnuikhhtbfxgmailcom hi want increase telnet secession count default sec sec one help regards agnello dsouza fri aug increase telnet secession count,0,1,0.7209343671311361
gavin mccullagh ouluqvbwiugmailcom hi tue oct michael watterson wrote chance someone used one ntllinux confirm works would ill advised upc changing encryption soon dvbc may become worthless references im particularly wondering timeframe theyre going get around replacing everyones set top boxes presumably need ireland criminal offence connect unapproved equipment cable may though youre paying service customising settop box getting extra channels id surprised anyone would really mind separate offence obtain pay tv without proper payment pay though almost noncable company equipment used setboxes dvbc cards etc ireland used obtain tv without payment officially theft service rather piracy assume thats would intend stick fta pay tv satellite hugely better quality much cheaper equipment life necessarily simple cant satellite dish fta terrestrial four channels ideal either dvbt looks like nice solution time soon gavin tue aug ntl digital tv quality ilug broadband dublin,0,1,0.4766143235142146
cnn alerts cnnalertsmailcnncom cnn alerts bush alert name bush iraqs oilfueled surplus could hit billion report says pm edt iraq raking money oil exports spending amassing projected fouryear budget surplus billion us auditors reported tuesday full story agreed receive email cnncom result cnncom preference settings manage settings click alter alert criteria frequency unsubscribe receiving custom email alerts click cable news network one cnn center atlanta georgia cable news network time warner company rights reserved view privacy policy terms tue aug cnn alerts bush,0,1,0.8705250502559199
hea th annual tournament week today michelle lokay limited places golfers still plenty room tennis gin bowling get registration golfers watch email wed pairings tee assignments registered click http www houstonenergy org public sportscover doc see next monday october th message sent teresa knight executive director houston energy association hea phone fax hea tknight houstonenergy org would like email address removed mailing list please click link hea home page find mini form remove name automatically http www houstonenergy org receive attached file corrupted find http www houstonenergy org public,0,1,0.4796456361017946
cell phone next two days call cell krishna,0,1,0.539697481122444
fw truer words ever spoken cute original message mark j harris mailto markharris hhadv com sent wednesday july pm markharris hhadv com subject truer words ever spoken man asked wife like birthday love six replied morning birthday got bright early went local theme park day put every ride park death slide screaming loop wall fear everything wow five hours later staggered theme park head reeling stomach upside right mcdonald went husband ordered big mac along extra fries refreshing chocolate shake movie latest star wars fabulous adventure finally wobbled home husband collapsed bed leaned lovingly asked well dear like six one eye opened idiot meant dress size moral story woman speaks man hear get wrong anyway,0,1,0.44556760282155394
ki song waknifecentercom configure postfix send mail domain knifecentercom thu aug restricting senders,0,1,0.5973459722282228
promising energy professional industry sources identified promising energy professional invite join free exclusive spencer stuart talent network sstn member database sstn leadership development recruitment service one premier executive search firms world invite register today http www spencerstuart com promocode energy may know spencer stuart one world exclusive executive search firms spencerstuart com award winning web site leverages quality senior level relationships expertise spencer stuart hallmark years one world experienced trusted executive recruitment firms provide access world best clients desirable positions takes ten minutes join community rising stars asked complete simple four step registration process register today immediately gain access wealth leadership development recruitment services registered thank already taken major step path professional development look forward providing compelling leadership development recruitment services enrich career endeavors registered yet please note membership spencerstuart com free effective way us alert new opportunities whether actively looking curious available marketplace also able leverage wealth career advice resources available right site spend next ten minutes planning next ten years register today http www spencerstuart com registration content en us calltoregister asp promocode energy best wishes spencer stuart talent network team ps sure pass interested friends associates unsubscribe list reply message remove subject line,0,1,0.7881512971864896
merry christmas dear mr kaminski name mscf students would like wish family merry christmas happy new year thank much taking time come talk us greatly appreciated best regards pierre,0,1,0.40124995836858823
chun bing ge elsgcnibmcom hi patch question pls let know thanks homespringperlperlcurrentexthashutiltutilt homespringpatchchgfileexthashutiltutilt legalsortlegal keyshash keyssortkeyshash ishiddena b c e flock keys hidden ddst islegal b c e flock keys legal ddst orda islegala b c e f lock keys legal ddst else islegal b c e flock keys legal ddst iskeys lock keys keys legalsortlegal keyshash keyssortkeyshash ishiddena b c e flock ref keys hidden ddst islegal b c e flock ref keys legal ddst orda islegala b c e f lock ref keys legal ddst else islegal b c e flock ref keys legal ddst iskeys lock ref keys keys ddst legalsortlegal keyshash keyssortkeyshash ishiddena b c e flock ref keys plus hidden ddst islegal b c e flock ref keys plus legal ddst orda islegala b c e f lock ref keys plus legal ddst else islegal b c e flock ref keys plus legal ddst iskeys lock ref keys plus keys ddst legalsortlegal keyshash keyssortkeyshash ishiddena b c e flock keys plus hidden ddst islegal b c e flock keys plus legal ddst orda islegala b c e f lock keys plus legal ddst else islegal b c e flock keys plus legal ddst iskeys lock keys plus keys ddst ge chun bing thu aug exthashutiltutilt failed ebcdic platform,0,1,0.5223621691478231
business power june international electric industry conference past five years association power exchanges apex held business meetings different locations around world first time industry conference held compliment meetings providing means connect industrial electricity exchanges isos pools senior leaders worldwide electric industry information attached adobe acrobat pdf file document requires adobe acrobat reader higher latest version available download http www adobe com view website http www apex conf com apex pdf,0,1,0.6884660101877338
telechargecom kqnieumtelechargecom telechargecom premium seating dont president get great seat broadway anytime use telechargecom premium seating get great lastminute seats top broadway shows even ones thought soldout get tickets right hottest shows like jersey boys mamma mia xanadu spamalot spring awakening bunch seasons new plays musicals premium seating gives inside track hardtoget tickets direct box office means hidden brokers fees hasslefree reliable trusted way get exactly seats want think special vip box office take look phenomenal shows offering right august osage county avenue q bronx tale cat hot tin roof catered affair chicago chorus line color purple country girl curtains farnsworth invention gypsy homecoming dead jersey boys mamma mia november passing strange phantom opera rock n roll seafarer spamalot spring awakening thurgood xanadu last minute problem fantastic seats indemand shows waiting say best seats house mean even day performance plus telechargecom gives exact seat locations right order service companies cant provide premium seating get best possible seats popular shows go want waiting months see show heres get incredible seats incredible shows visit broadwayofferscom enter code premium call telechargecom ask premium seating premium seating also available theatres box offices sit want see want buy want advertisement telechargecom phone online service fees may apply sales final subject availability refunds exchanges replies email address read answered questions comments please send email ticketstelechargecom tickets best broadway broadway shows check telechargecom interested bringing large group see show discounts available broadway offbroadway shows telechargecom group sales call telechargecom hackensack avenue hackensack nj tickets available purchase location currently subscribed telechargecom email list user gvcceaschallengecc subscribe visit make changes account unsubscribe list visit unsubscribe telechargecom lists send blank email nzyvy ylistsnemail net wed aug presidential seats us ordinary folks telechargecom,0,1,0.40088472389695223
rodbegbie rodarsecandleorg e displayjspvnu content id url wrapped rod front porch swing would let hang dancefloor would shake thang rubber check would let bounce inside bank account blogging thang sfnet email sponsored bythinkgeek welcome geek heaven spamassassintalk mailing list spamassassintalklistssourceforgenet fri aug satalk false positives twenty times worse false negatives,0,1,0.563620502136892
winnipeg free press emailalertsfreepressmbca august news business entertainment sports lifestyle opinions latest breaking news harveyzenk expected testify former winnipeg police officer derek harveyzenk expected take stand first time taman inquiry today taman inquiry examining conduct east st paul winnipeg police forces investigating car crash killed crystal taman prosecution harveyzenk special prosecutor marty minuk plenty warmth sunshine ahead call fivestar weather forecast environment canada given next five days bright sunshine symbol winnipeg weather website city council vote labour deal transit union winnipeg city council meet morning ratify deal administrators struck last week city s transit union possibility however members amalgamated transit union local vote deal later month city police investigate pair overnight assaults two men rushed hospital unstable condition early morning pair unrelated assaults one man found beaten back alley near corner sargent avenue simcoe street around police spokeswoman said investigators still havent interviewed injured man still looking witnesses crude oil prices stabilizing toronto crude oil prices stabilizing slew quarterly reports issued major canadian american companies throughout day investors hoping torontos stock market recovers drubbing took tuesday business breaking news canadian dollar opened cents us morning cent tuesdays close advertisement winnipeg free press contact us privacy policy received email subscribed wfpwebmail longer wish receive emails may unsubscribe read email please visit online version wed aug winnipegfreepresscom latest breaking news,0,1,0.6025378147860965
oreilly media qcqujfnzoreillycom new oreilly store get running dojo matthew russell first edition october isbn x pages pdf price usd exciting era web development dojo pushes boundaries possible snazzy user interfaces quickly implemented easily maintained comprehensive overview creating objectoriented widgets dojo tackles foundational dojo design conceptsleaving poised productivity efficiency ready achieve superior results read explore depths inheritance encapsulation learn common pitfalls fall prey begin dojo journey rocksolid footing youve developing dojo problem youll still benefit thorough review fundamentals landed want receive future oreilly emails html change oreilly newsletter settings please visit assistance email xxjloreillynetcom oreilly media inc gravenstein highway north sebastopol ca wed aug new short cut get running dojo,0,1,0.4350858164284457
fw payment jo hillier smith owner care manager sunsail worldwide sailing ltd tel email joh sunsail com e mail attachment intended named addressee person authorised receive behalf content treated confidential recipient may disclose message attachment anyone else without authorisation unauthorised use copying disclosure may unlawful transmission received error please notify sender immediately delete message e mail system view expressed sender message attachment may personal may represent view held company sunsail limited company number sunsail worldwide sailing limited company number registered offices port house port solent portsmouth hampshire po th england original message jo hillier smith sent thursday april pm dfarmer ei enron com subject payment good afternoon mr farmer sure aware procees changing banks new bank citibank able process charter fees lst april therefore cheque send cover april payment please could let know best address send may want send straight bank look forward hearing regards jo jo hillier smith owner care manager sunsail worldwide sailing ltd tel email joh sunsail com e mail attachment intended named addressee person authorised receive behalf content treated confidential recipient may disclose message attachment anyone else without authorisation unauthorised use copying disclosure may unlawful transmission received error please notify sender immediately delete message e mail system view expressed sender message attachment may personal may represent view held company sunsail limited company number sunsail worldwide sailing limited company number registered offices port house port solent portsmouth hampshire po th england,0,1,0.5239765895209892
gameplanet store cabvpgpstoreconz hi tony youve purchased playstation products past thought might like know latest import shipment contains rare accessories bargain ps games official sony dual shock controller emerald green limited stock official sony dual shock controller crystal limited stock official sony dual shock controller crimson red limited stock datel mb memory card times bigger normal sony memory card awesome value weve also stock arrive super rare final fantasy vii check bargain import playstation games crazy frog racer mercury meltdown remix lumines plus chessmaster regards gameplanet store unsubscribe dont want send emails dont want would like unsubscribe please follow link wed aug rare playstation accessories arrive,0,1,0.5922039208251374
metscom fxgmqwjnlistsmlbcom extra bases rewards information rates fees costs benefits associated use card see terms conditions see application details promotional email bank america tryon st th floor charlotte nc optout future bank america promotional email anytime future updating email preferences information bank america manges customer information read bank america privacy policy mlb advanced media lp rights reservedall major league baseball trademarks service marks used herein property applicable mlb entityall marks used herein trademarks registered trademarks respective owners please review privacy policy received message registered receive commercial email messages metscom longer wish receive commercial email messages metscom please click unsubscribe postal addressmetscom co mlb advanced media lp ninth avenue th floor new york ny tue aug special spring training offer mets fans,0,1,0.6483629673007998
google alerts upfvayctpoifzixuupfgooglecom google blogs alert adaptive sampling compressed sensing finding needles noisy haystacks faster igorigor added link article adaptive sampling techniques section compressed sensing big picture raghunandan kainkaryam seems implemented faster sparse measurements matrix code initially implemented nuit blanche day google alert brought google remove alert create another alert manage alerts fri aug google alert adaptive sampling,0,1,0.4127784752025
jim whitehead ejwcseucscedu special bonus order receive original topps star warsempire strikes back collector cards absultely free original topps star warsempire strikes back collector cards years ago reprints complete blue red set series many cards series guess theyre worth much site lists per set c pio enhanced penis card jim mon jul free original star wars cards adv,0,1,0.47635955635271915
kgrtljpowncecom caleb chang replied one notes youre welcome business presentation wife keynote exported pdf benefits animation small enough file size email none business units could copy presentation much chagrin acrobat reader preferred presentation platform little alliteration sure beats use powerpoint view note replies want control emails receive pownce wed aug pownce new reply caleb chang,0,1,0.43431695524107766
clickathome internet service pc ordering available internet service available ordering pilot invitee clickathome program order pc broadband internet service clickathome pilot website may accessed http clickathomepilot enron com launch internet explorer pilot participants encouraged place pc order january th many internet service vendors ready begin providing service today vendors ready late february clickathome internet service providers currently available internet service time warner houston cable modem kingwood cable cable modem portland cable modem msn providing dial dsl service nationwide cox cable omaha providing cable modem service available late february provide communication soon msn cox cable omaha orders placed appreciate patience advance pre qualify sign service area today time warner houston kingwood cable portland refer http clickathomepilot enron com specific provider information instructions place order problems launching site please copy paste http clickathomepilot enron com directly internet explorer clickathome team excited bring options clickathome team,0,1,0.5885658451660277
daragh mc grath pedaraghmcgorg apologies noise daragh mc grath skype djmagra wed aug ilug test please ignore,0,1,0.5062033264711399
andrei verovski aka macguru hadpjkc starlettlv hi ive got sax crash nvidiakernelbigsmp log file attached reference anyone interested sax log sax version svn release svn release description x configuration log file collect information detection startup configuration three parts logging init detection d startup xorgconf x log glxinfo config config actions version sax compiled parameter r r log date sun feb eet framebuffer info framebuffer active feb initializing feb sysp mouse detection data mouse protocol explorerps mouse device devinputmice mouse buttons mouse wheel mouse emulate mouse name logitech usbps optical mouse mouse vendorid x d mouse deviceid xc f mouse profile mouse realdevice devinputbyidusblogitech usbps optical mousemouse mouse nutshell feb sysp keyboard detection data keyboard xkbmodel microsoftpro keyboard xkblayout us keyboard name translated set keyboard keyboard vendorid x keyboard deviceid x keyboard profile keyboard realdevice devinputevent feb sysp server detection data card domainid x card busid x card slotid x card funcid x card vendor nvidia card device geforce gt card vid x de card x card module nvidia card bustype agp card detected card flag default card subvid x card subdid x card drvprofile depth nvidianomodelines feb sysp xstuff detection data card ddc card name card vendor card primary card chipset card vsync card hsync card dacspeed card modeline card memory card randr card current card rawdef none card option none card extension none card module nvidia card display nul card vesabios card fbboot card fbboot card fbboot card fbboot card fbboot card fbboot card fbboot card fbboot card fbboot card fbboot card fbboot card fbboot card fbboot card fbboot card fbboot card fbboot card fbboot card fbboot card fbboot card fbboot card fbboot card fbboot card fbboot card fbboot feb sysp d detection data cant locate saxpm inc inc contains usrsharesaxmodulescreate usrsharesaxmodules usrlibperl i linuxthreadmulti usrlibperl usrlibperl site perl i linuxthreadmulti usrlibperl site perl usrlibperl site perl usrlibperl vendor perl i linuxthreadmulti usrlibperl vendor perl usrlibperl vendor perl usrsharesaxxcpl line begin failedcompilation aborted usrsharesaxxcpl line fri aug opensuse sax crash log nvidia,0,1,0.43156345879844255
cash please keep confidential,0,1,0.8658104266748395
ektron pxjlmpema net want website ektron cms net lets everything need web everything want doall one application instant demo could streamline content document management collaboration distribution one centralized location make website place people meet new social networking platform interact features like tagging flagging ratings found web toolbox find looking quickly accurately enterpriselevel searching suggested synonym search harness power online community easy deploy use wiki authoring blogs forums increase customer loyalty keep coming back site subscriptions web alerts rss feeds download web put web authoring hands subject matter experts update navigation click mouse provide suggested results visitors search site keep visitors coming back site subscriptions web alerts rss feeds optimize site climb rankings instant demo want website ektron cms net ektron inc amherst street nashua nh ektron longer receive emails ektron sent email zuiiryektroncom remove subject line javabuyersguidecom email list take email address list future messages third party advertisers please follow link javabuyersguidecom responsible products services presented message tue aug want website ektron cms net,0,1,0.8622012086591053
american red cross pykdjcdlfjozzusaredcrossorg trouble viewing message click view web browser american red cross one minute update newsletter february dear ted make living get make lifeby give sir winston churchill every day american red cross privileged witness truth churchills stirring words society many focused get proud volunteers red cross focus give give truly life giving blood shelter clean water cpr aid military families miracle giving give basic necessities life another human receive gift gift life give comes back us fold goes around comes around receive benefits giving joy see renewed lives people need whose lives saved gift challenging times red cross troubled broken world natural disaster violence occur every day time us step give gift lifeand receive life thank incredible generosity red cross continue give time dollars necessities life others may discover truth churchills words make living get make life give pride lifegiving work bonnie mcelveenhunter signature bonnie mcelveenhunter chairman board american red cross spotlight news change life takes two takes two change life american red cross watch inspirational ads think ways change life community tue aug pride lifegiving work one minute update february,0,1,0.927692196418727
joannfieldsverizonnet paper shows us may helpful rather look entire million uninsured break look separately portion diabetes portion hypertension opens discussion new better ideas offer affordable insurance opinion community center diabetics could go get supply insulin syringes strips glipizide etc minimal cost run medicines center a c test done fingerstick many patients use walmarts list get glipizide metformin also walmart lower price walmart brand insulin product could try cooperative agreement local county state government local walmart hold clinics walmart store use medicines list would also highlight problem cost insulin glucometer strips needs brought somehow puzzle low cost generic insulin basic daytoday needs diabetic hypertensive patients handled way maybe insurance companies could come affordable plan catastrophic coverage polirichaolcom date tue pm cdt lwvhealthcare subject lwvhealthcare millions chronic illness go untreated ny times august millions chronic disease get little treatment reed abelson millions americans chronic disease like diabetes high blood pressure getting adequate treatment among nations growing ranks uninsured central finding new study published tuesday medical journal annals internal medicine study first detailed look health uninsured estimates one every three workingage adults without insurance united states received diagnosis chronic illness many people forgoing doctors visits relying emergency rooms medical care study said report based analysis government health surveys adults ages years old estimated million million people without insurance latest year study received chroniccondition diagnosis people modern therapies kept trouble said dr andrew p wilper studys lead author therapies someone diabetes hypertension routine widely available insurance said dr wilper medical instructor university washington seattle recent government estimate number people country without health insurance million means proportions found study remained constant might nearly million people country chronic condition insurance pay medical care nearly quarter uninsured chronic illness surveyed said visited health professional within last year percent said typically went hospital emergency room care lot people suffering lack health insurance said dr steffie woolhandler another studys authors physician associate professor medicine harvard people high blood pressure example risk catastrophic medical events like stroke getting drugs need doctor monitor disease said karen davis president commonwealth fund fund foundation new york specializes health care research done research lack adequate medical care among uninsured study published tuesday may underestimated exactly many people uninsured chronic illness includes already received diagnosis authors said individuals conditions diagnosed seeing doctor nurse included studys authors say findings cast doubt common assumption many uninsured tend young healthy requiring little way medical care many actually chronic conditions may expensive treat cost covering uninsured often underestimated said dr woolhandler advocates nationalized system health care massachusetts said states effort overhaul health insurance system cover residents costing much expected led universal coverage policy makers assumed people would healthy state experiments failed cost said study describes harsh consequences neglecting easily treatable diseases many people million uninsured americans serious chronic conditions access care seems unobtainable many may face early disability death result studys authors said looking car thats sporty fun fits budget read reviews aol autos currently subscribed lwvhealthcare joannfieldsverizonnet unsubscribe send blank email leave aeb f feced ba dde elistslwvorg currently subscribed lwvhealthcare b efac fc f be d mailreuttercouk unsubscribe send blank email leave f f b e d ac be ff f listslwvorg tue aug lwvhealthcare millions chronic illness go untreated ny times,0,1,0.44104590094273444
